 b, c, e
0, Marker_t,
0, End_track,
0, Start_track,
0, Title_t,
768, Note_on_c, 87
770, Note_on_c, 75
770, Note_on_c, 67
771, Note_on_c, 63
813, Note_on_c, 87
814, Note_on_c, 89
816, Note_on_c, 75
816, Note_on_c, 77
858, Note_on_c, 89
858, Note_on_c, 91
860, Note_on_c, 77
861, Note_on_c, 79
902, Note_on_c, 91
904, Note_on_c, 89
905, Note_on_c, 79
905, Note_on_c, 77
938, Note_on_c, 89
941, Note_on_c, 77
950, Note_on_c, 87
952, Note_on_c, 75
1049, Note_on_c, 87
1051, Note_on_c, 75
1052, Note_on_c, 67
1053, Note_on_c, 63
1140, Note_on_c, 75
1142, Note_on_c, 51
1142, Note_on_c, 55
1142, Note_on_c, 61
1142, Note_on_c, 63
1185, Note_on_c, 77
1187, Note_on_c, 65
1193, Note_on_c, 75
1195, Note_on_c, 63
1231, Note_on_c, 65
1231, Note_on_c, 79
1232, Note_on_c, 67
1242, Note_on_c, 77
1274, Note_on_c, 79
1275, Note_on_c, 77
1276, Note_on_c, 67
1277, Note_on_c, 65
1319, Note_on_c, 77
1321, Note_on_c, 65
1321, Note_on_c, 75
1322, Note_on_c, 63
1410, Note_on_c, 75
1411, Note_on_c, 61
1411, Note_on_c, 63
1412, Note_on_c, 55
1412, Note_on_c, 51
1505, Note_on_c, 75
1507, Note_on_c, 63
1508, Note_on_c, 51
1549, Note_on_c, 75
1551, Note_on_c, 63
1552, Note_on_c, 51
1596, Note_on_c, 75
1598, Note_on_c, 51
1598, Note_on_c, 63
1639, Note_on_c, 77
1641, Note_on_c, 65
1643, Note_on_c, 53
1648, Note_on_c, 75
1649, Note_on_c, 63
1651, Note_on_c, 51
1668, Note_on_c, 53
1674, Note_on_c, 77
1675, Note_on_c, 65
1685, Note_on_c, 67
1685, Note_on_c, 79
1688, Note_on_c, 55
1712, Note_on_c, 67
1719, Note_on_c, 79
1723, Note_on_c, 55
1725, Note_on_c, 56
1730, Note_on_c, 80
1733, Note_on_c, 68
1760, Note_on_c, 56
1765, Note_on_c, 80
1768, Note_on_c, 68
1778, Note_on_c, 81
1778, Note_on_c, 69
1780, Note_on_c, 57
1813, Note_on_c, 81
1814, Note_on_c, 69
1817, Note_on_c, 57
1817, Note_on_c, 58
1824, Note_on_c, 82
1857, Note_on_c, 82
1861, Note_on_c, 58
1867, Note_on_c, 87
1869, Note_on_c, 75
1871, Note_on_c, 63
1954, Note_on_c, 87
1955, Note_on_c, 75
1958, Note_on_c, 63
2048, Note_on_c, 87
2050, Note_on_c, 75
2050, Note_on_c, 79
2052, Note_on_c, 51
2054, Note_on_c, 39
2136, Note_on_c, 51
2138, Note_on_c, 39
2140, Note_on_c, 87
2142, Note_on_c, 79
2142, Note_on_c, 75
2229, Note_on_c, 56
2233, Note_on_c, 87
2235, Note_on_c, 75
2239, Note_on_c, 44
2276, Note_on_c, 87
2277, Note_on_c, 75
2277, Note_on_c, 89
2278, Note_on_c, 77
2281, Note_on_c, 56
2317, Note_on_c, 56
2320, Note_on_c, 89
2320, Note_on_c, 92
2322, Note_on_c, 77
2322, Note_on_c, 80
2326, Note_on_c, 60
2327, Note_on_c, 44
2327, Note_on_c, 51
2360, Note_on_c, 60
2361, Note_on_c, 56
2362, Note_on_c, 51
2366, Note_on_c, 75
2368, Note_on_c, 87
2375, Note_on_c, 92
2376, Note_on_c, 80
2413, Note_on_c, 89
2414, Note_on_c, 77
2417, Note_on_c, 51
2419, Note_on_c, 39
2422, Note_on_c, 87
2424, Note_on_c, 75
2457, Note_on_c, 92
2458, Note_on_c, 80
2466, Note_on_c, 89
2468, Note_on_c, 77
2471, Note_on_c, 51
2503, Note_on_c, 87
2506, Note_on_c, 75
2507, Note_on_c, 60
2507, Note_on_c, 63
2508, Note_on_c, 56
2511, Note_on_c, 92
2513, Note_on_c, 80
2518, Note_on_c, 39
2541, Note_on_c, 63
2542, Note_on_c, 56
2542, Note_on_c, 60
2547, Note_on_c, 89
2548, Note_on_c, 77
2555, Note_on_c, 87
2556, Note_on_c, 75
2589, Note_on_c, 92
2590, Note_on_c, 80
2594, Note_on_c, 56
2594, Note_on_c, 44
2597, Note_on_c, 89
2599, Note_on_c, 77
2633, Note_on_c, 87
2634, Note_on_c, 75
2639, Note_on_c, 92
2641, Note_on_c, 80
2643, Note_on_c, 56
2675, Note_on_c, 77
2675, Note_on_c, 89
2679, Note_on_c, 53
2679, Note_on_c, 56
2679, Note_on_c, 60
2683, Note_on_c, 87
2685, Note_on_c, 75
2688, Note_on_c, 44
2712, Note_on_c, 60
2713, Note_on_c, 56
2713, Note_on_c, 53
2717, Note_on_c, 92
2718, Note_on_c, 80
2725, Note_on_c, 89
2727, Note_on_c, 77
2765, Note_on_c, 51
2766, Note_on_c, 39
2806, Note_on_c, 77
2806, Note_on_c, 89
2811, Note_on_c, 92
2812, Note_on_c, 80
2816, Note_on_c, 51
2846, Note_on_c, 89
2848, Note_on_c, 87
2849, Note_on_c, 75
2851, Note_on_c, 51
2852, Note_on_c, 39
2852, Note_on_c, 56
2852, Note_on_c, 60
2857, Note_on_c, 77
2876, Note_on_c, 51
2881, Note_on_c, 75
2883, Note_on_c, 56
2883, Note_on_c, 60
2888, Note_on_c, 87
2890, Note_on_c, 84
2891, Note_on_c, 72
2928, Note_on_c, 41
2932, Note_on_c, 84
2934, Note_on_c, 72
2934, Note_on_c, 80
2935, Note_on_c, 68
2937, Note_on_c, 53
2978, Note_on_c, 80
2979, Note_on_c, 82
2980, Note_on_c, 70
2996, Note_on_c, 68
3023, Note_on_c, 70
3024, Note_on_c, 84
3025, Note_on_c, 72
3026, Note_on_c, 53
3026, Note_on_c, 41
3026, Note_on_c, 65
3026, Note_on_c, 60
3027, Note_on_c, 56
3032, Note_on_c, 82
3061, Note_on_c, 65
3062, Note_on_c, 60
3062, Note_on_c, 56
3069, Note_on_c, 80
3071, Note_on_c, 68
3076, Note_on_c, 84
3077, Note_on_c, 72
3113, Note_on_c, 82
3114, Note_on_c, 70
3116, Note_on_c, 48
3116, Note_on_c, 60
3121, Note_on_c, 80
3122, Note_on_c, 68
3156, Note_on_c, 84
3157, Note_on_c, 72
3164, Note_on_c, 70
3164, Note_on_c, 82
3166, Note_on_c, 60
3197, Note_on_c, 80
3199, Note_on_c, 65
3200, Note_on_c, 68
3201, Note_on_c, 48
3201, Note_on_c, 56
3201, Note_on_c, 60
3206, Note_on_c, 84
3208, Note_on_c, 72
3233, Note_on_c, 68
3233, Note_on_c, 65
3234, Note_on_c, 60
3235, Note_on_c, 56
3242, Note_on_c, 70
3242, Note_on_c, 82
3248, Note_on_c, 80
3285, Note_on_c, 84
3286, Note_on_c, 72
3289, Note_on_c, 41
3289, Note_on_c, 53
3292, Note_on_c, 82
3294, Note_on_c, 70
3329, Note_on_c, 80
3330, Note_on_c, 68
3337, Note_on_c, 84
3338, Note_on_c, 72
3369, Note_on_c, 65
3375, Note_on_c, 70
3375, Note_on_c, 82
3377, Note_on_c, 53
3377, Note_on_c, 60
3378, Note_on_c, 41
3378, Note_on_c, 56
3383, Note_on_c, 80
3384, Note_on_c, 68
3404, Note_on_c, 56
3410, Note_on_c, 65
3411, Note_on_c, 60
3419, Note_on_c, 84
3420, Note_on_c, 72
3427, Note_on_c, 82
3428, Note_on_c, 70
3458, Note_on_c, 48
3505, Note_on_c, 84
3506, Note_on_c, 82
3508, Note_on_c, 70
3515, Note_on_c, 72
3545, Note_on_c, 56
3549, Note_on_c, 82
3550, Note_on_c, 80
3552, Note_on_c, 65
3552, Note_on_c, 68
3554, Note_on_c, 48
3554, Note_on_c, 60
3559, Note_on_c, 70
3568, Note_on_c, 65
3578, Note_on_c, 56
3578, Note_on_c, 60
3593, Note_on_c, 80
3595, Note_on_c, 68
3595, Note_on_c, 77
3596, Note_on_c, 65
3642, Note_on_c, 75
3644, Note_on_c, 58
3644, Note_on_c, 63
3645, Note_on_c, 46
3650, Note_on_c, 65
3650, Note_on_c, 77
3686, Note_on_c, 75
3686, Note_on_c, 77
3688, Note_on_c, 63
3689, Note_on_c, 65
3698, Note_on_c, 58
3732, Note_on_c, 79
3733, Note_on_c, 67
3735, Note_on_c, 51
3735, Note_on_c, 55
3735, Note_on_c, 61
3740, Note_on_c, 77
3742, Note_on_c, 65
3744, Note_on_c, 46
3768, Note_on_c, 61
3769, Note_on_c, 55
3770, Note_on_c, 51
3776, Note_on_c, 75
3778, Note_on_c, 63
3783, Note_on_c, 79
3785, Note_on_c, 67
3819, Note_on_c, 77
3821, Note_on_c, 65
3823, Note_on_c, 51
3825, Note_on_c, 39
3829, Note_on_c, 75
3830, Note_on_c, 63
3877, Note_on_c, 51
3911, Note_on_c, 79
3912, Note_on_c, 67
3913, Note_on_c, 63
3914, Note_on_c, 61
3914, Note_on_c, 55
3919, Note_on_c, 77
3921, Note_on_c, 65
3925, Note_on_c, 39
3931, Note_on_c, 63
3949, Note_on_c, 55
3949, Note_on_c, 61
3958, Note_on_c, 75
3960, Note_on_c, 63
3965, Note_on_c, 79
3966, Note_on_c, 67
4003, Note_on_c, 77
4005, Note_on_c, 65
4007, Note_on_c, 58
4008, Note_on_c, 46
4012, Note_on_c, 75
4014, Note_on_c, 63
4049, Note_on_c, 77
4050, Note_on_c, 65
4051, Note_on_c, 79
4052, Note_on_c, 67
4087, Note_on_c, 58
4089, Note_on_c, 46
4089, Note_on_c, 55
4089, Note_on_c, 61
4123, Note_on_c, 61
4138, Note_on_c, 55
4141, Note_on_c, 75
4143, Note_on_c, 63
4148, Note_on_c, 79
4150, Note_on_c, 67
4184, Note_on_c, 77
4187, Note_on_c, 65
4188, Note_on_c, 51
4191, Note_on_c, 39
4194, Note_on_c, 75
4195, Note_on_c, 63
4276, Note_on_c, 65
4278, Note_on_c, 61
4279, Note_on_c, 55
4284, Note_on_c, 77
4289, Note_on_c, 51
4291, Note_on_c, 39
4305, Note_on_c, 75
4308, Note_on_c, 63
4315, Note_on_c, 61
4316, Note_on_c, 55
4322, Note_on_c, 77
4324, Note_on_c, 65
4342, Note_on_c, 63
4349, Note_on_c, 75
4350, Note_on_c, 79
4352, Note_on_c, 67
4367, Note_on_c, 80
4370, Note_on_c, 68
4372, Note_on_c, 56
4373, Note_on_c, 44
4376, Note_on_c, 79
4377, Note_on_c, 77
4378, Note_on_c, 65
4379, Note_on_c, 67
4414, Note_on_c, 79
4416, Note_on_c, 67
4417, Note_on_c, 56
4421, Note_on_c, 80
4424, Note_on_c, 68
4458, Note_on_c, 79
4458, Note_on_c, 80
4460, Note_on_c, 67
4461, Note_on_c, 68
4462, Note_on_c, 63
4463, Note_on_c, 56
4463, Note_on_c, 60
4464, Note_on_c, 44
4495, Note_on_c, 68
4497, Note_on_c, 56
4497, Note_on_c, 60
4503, Note_on_c, 77
4505, Note_on_c, 65
4511, Note_on_c, 80
4514, Note_on_c, 63
4553, Note_on_c, 46
4592, Note_on_c, 79
4595, Note_on_c, 67
4600, Note_on_c, 77
4602, Note_on_c, 65
4636, Note_on_c, 80
4639, Note_on_c, 68
4641, Note_on_c, 58
4642, Note_on_c, 62
4643, Note_on_c, 56
4646, Note_on_c, 79
4649, Note_on_c, 67
4652, Note_on_c, 46
4667, Note_on_c, 62
4668, Note_on_c, 56
4668, Note_on_c, 58
4730, Note_on_c, 82
4730, Note_on_c, 70
4733, Note_on_c, 55
4735, Note_on_c, 43
4737, Note_on_c, 80
4739, Note_on_c, 68
4765, Note_on_c, 81
4772, Note_on_c, 82
4775, Note_on_c, 70
4775, Note_on_c, 69
4776, Note_on_c, 55
4817, Note_on_c, 81
4818, Note_on_c, 82
4819, Note_on_c, 69
4820, Note_on_c, 70
4822, Note_on_c, 51
4822, Note_on_c, 61
4823, Note_on_c, 55
4831, Note_on_c, 43
4846, Note_on_c, 61
4848, Note_on_c, 51
4856, Note_on_c, 55
4861, Note_on_c, 82
4861, Note_on_c, 87
4862, Note_on_c, 70
4863, Note_on_c, 67
4863, Note_on_c, 75
4912, Note_on_c, 51
4913, Note_on_c, 39
4951, Note_on_c, 85
4958, Note_on_c, 87
4970, Note_on_c, 75
4995, Note_on_c, 82
4998, Note_on_c, 51
4998, Note_on_c, 63
4999, Note_on_c, 55
4999, Note_on_c, 61
5001, Note_on_c, 39
5003, Note_on_c, 85
5032, Note_on_c, 63
5032, Note_on_c, 61
5033, Note_on_c, 55
5039, Note_on_c, 79
5046, Note_on_c, 82
5081, Note_on_c, 87
5083, Note_on_c, 75
5086, Note_on_c, 44
5086, Note_on_c, 56
5090, Note_on_c, 79
5091, Note_on_c, 67
5123, Note_on_c, 89
5124, Note_on_c, 77
5131, Note_on_c, 87
5132, Note_on_c, 75
5135, Note_on_c, 56
5163, Note_on_c, 92
5165, Note_on_c, 80
5168, Note_on_c, 63
5169, Note_on_c, 56
5169, Note_on_c, 60
5172, Note_on_c, 89
5174, Note_on_c, 77
5178, Note_on_c, 44
5202, Note_on_c, 60
5202, Note_on_c, 63
5203, Note_on_c, 56
5208, Note_on_c, 87
5210, Note_on_c, 75
5214, Note_on_c, 92
5216, Note_on_c, 80
5248, Note_on_c, 39
5251, Note_on_c, 87
5252, Note_on_c, 89
5253, Note_on_c, 77
5256, Note_on_c, 51
5260, Note_on_c, 75
5292, Note_on_c, 92
5295, Note_on_c, 77
5295, Note_on_c, 80
5301, Note_on_c, 89
5335, Note_on_c, 87
5338, Note_on_c, 68
5338, Note_on_c, 75
5339, Note_on_c, 63
5340, Note_on_c, 60
5343, Note_on_c, 92
5344, Note_on_c, 80
5348, Note_on_c, 51
5350, Note_on_c, 39
5371, Note_on_c, 68
5372, Note_on_c, 63
5373, Note_on_c, 60
5378, Note_on_c, 87
5378, Note_on_c, 89
5379, Note_on_c, 75
5380, Note_on_c, 77
5419, Note_on_c, 92
5421, Note_on_c, 77
5422, Note_on_c, 80
5426, Note_on_c, 56
5426, Note_on_c, 44
5428, Note_on_c, 89
5463, Note_on_c, 80
5463, Note_on_c, 87
5465, Note_on_c, 75
5467, Note_on_c, 56
5470, Note_on_c, 92
5505, Note_on_c, 89
5507, Note_on_c, 75
5507, Note_on_c, 77
5511, Note_on_c, 44
5511, Note_on_c, 51
5511, Note_on_c, 56
5511, Note_on_c, 60
5515, Note_on_c, 87
5545, Note_on_c, 56
5545, Note_on_c, 60
5546, Note_on_c, 51
5549, Note_on_c, 92
5551, Note_on_c, 77
5551, Note_on_c, 80
5557, Note_on_c, 89
5598, Note_on_c, 51
5601, Note_on_c, 39
5640, Note_on_c, 77
5645, Note_on_c, 92
5647, Note_on_c, 80
5651, Note_on_c, 51
5685, Note_on_c, 75
5688, Note_on_c, 60
5688, Note_on_c, 63
5689, Note_on_c, 56
5693, Note_on_c, 77
5698, Note_on_c, 39
5721, Note_on_c, 63
5722, Note_on_c, 60
5723, Note_on_c, 56
5729, Note_on_c, 84
5730, Note_on_c, 72
5737, Note_on_c, 75
5771, Note_on_c, 80
5774, Note_on_c, 68
5777, Note_on_c, 41
5777, Note_on_c, 53
5781, Note_on_c, 84
5782, Note_on_c, 72
5816, Note_on_c, 82
5818, Note_on_c, 70
5825, Note_on_c, 80
5826, Note_on_c, 68
5861, Note_on_c, 84
5863, Note_on_c, 72
5864, Note_on_c, 65
5866, Note_on_c, 56
5866, Note_on_c, 60
5870, Note_on_c, 82
5872, Note_on_c, 70
5875, Note_on_c, 53
5876, Note_on_c, 41
5901, Note_on_c, 65
5902, Note_on_c, 60
5903, Note_on_c, 56
5907, Note_on_c, 84
5908, Note_on_c, 80
5911, Note_on_c, 68
5919, Note_on_c, 72
5946, Note_on_c, 68
5953, Note_on_c, 80
5954, Note_on_c, 82
5956, Note_on_c, 70
5958, Note_on_c, 60
5959, Note_on_c, 48
5989, Note_on_c, 82
5991, Note_on_c, 70
5993, Note_on_c, 60
6000, Note_on_c, 84
6001, Note_on_c, 72
6033, Note_on_c, 84
6038, Note_on_c, 60
6039, Note_on_c, 48
6040, Note_on_c, 56
6045, Note_on_c, 72
6045, Note_on_c, 80
6047, Note_on_c, 68
6048, Note_on_c, 65
6072, Note_on_c, 68
6073, Note_on_c, 65
6074, Note_on_c, 60
6074, Note_on_c, 56
6078, Note_on_c, 80
6079, Note_on_c, 82
6082, Note_on_c, 70
6132, Note_on_c, 82
6133, Note_on_c, 84
6134, Note_on_c, 72
6138, Note_on_c, 53
6139, Note_on_c, 41
6143, Note_on_c, 70
6178, Note_on_c, 80
6181, Note_on_c, 68
6187, Note_on_c, 84
6188, Note_on_c, 72
6224, Note_on_c, 82
6225, Note_on_c, 70
6226, Note_on_c, 65
6227, Note_on_c, 60
6228, Note_on_c, 56
6232, Note_on_c, 80
6234, Note_on_c, 68
6237, Note_on_c, 53
6239, Note_on_c, 41
6262, Note_on_c, 65
6263, Note_on_c, 60
6264, Note_on_c, 56
6268, Note_on_c, 84
6271, Note_on_c, 72
6276, Note_on_c, 82
6278, Note_on_c, 70
6316, Note_on_c, 60
6317, Note_on_c, 48
6356, Note_on_c, 82
6358, Note_on_c, 70
6362, Note_on_c, 84
6364, Note_on_c, 72
6366, Note_on_c, 60
6398, Note_on_c, 80
6401, Note_on_c, 65
6401, Note_on_c, 68
6403, Note_on_c, 56
6403, Note_on_c, 60
6407, Note_on_c, 82
6409, Note_on_c, 70
6412, Note_on_c, 48
6418, Note_on_c, 65
6435, Note_on_c, 60
6436, Note_on_c, 56
6441, Note_on_c, 77
6445, Note_on_c, 65
6450, Note_on_c, 80
6452, Note_on_c, 68
6488, Note_on_c, 75
6490, Note_on_c, 63
6491, Note_on_c, 58
6493, Note_on_c, 46
6496, Note_on_c, 77
6497, Note_on_c, 65
6532, Note_on_c, 77
6535, Note_on_c, 65
6541, Note_on_c, 75
6543, Note_on_c, 63
6577, Note_on_c, 77
6578, Note_on_c, 65
6578, Note_on_c, 79
6579, Note_on_c, 58
6579, Note_on_c, 67
6581, Note_on_c, 46
6581, Note_on_c, 51
6581, Note_on_c, 61
6582, Note_on_c, 55
6616, Note_on_c, 61
6617, Note_on_c, 51
6617, Note_on_c, 55
6622, Note_on_c, 79
6624, Note_on_c, 75
6626, Note_on_c, 63
6633, Note_on_c, 67
6668, Note_on_c, 77
6671, Note_on_c, 65
6673, Note_on_c, 51
6674, Note_on_c, 39
6676, Note_on_c, 75
6679, Note_on_c, 63
6716, Note_on_c, 51
6756, Note_on_c, 77
6758, Note_on_c, 65
6758, Note_on_c, 79
6759, Note_on_c, 67
6761, Note_on_c, 61
6761, Note_on_c, 63
6762, Note_on_c, 55
6764, Note_on_c, 39
6778, Note_on_c, 63
6788, Note_on_c, 61
6795, Note_on_c, 75
6797, Note_on_c, 55
6797, Note_on_c, 63
6802, Note_on_c, 79
6805, Note_on_c, 67
6850, Note_on_c, 77
6852, Note_on_c, 65
6853, Note_on_c, 58
6856, Note_on_c, 46
6860, Note_on_c, 75
6861, Note_on_c, 63
6897, Note_on_c, 79
6898, Note_on_c, 67
6899, Note_on_c, 61
6904, Note_on_c, 77
6906, Note_on_c, 65
6908, Note_on_c, 58
6945, Note_on_c, 51
6945, Note_on_c, 55
6952, Note_on_c, 61
6955, Note_on_c, 46
6980, Note_on_c, 55
6981, Note_on_c, 51
6986, Note_on_c, 75
6989, Note_on_c, 63
6994, Note_on_c, 79
6996, Note_on_c, 67
7032, Note_on_c, 77
7033, Note_on_c, 65
7035, Note_on_c, 51
7038, Note_on_c, 39
7039, Note_on_c, 75
7041, Note_on_c, 63
7087, Note_on_c, 51
7123, Note_on_c, 61
7124, Note_on_c, 55
7128, Note_on_c, 77
7130, Note_on_c, 65
7135, Note_on_c, 39
7147, Note_on_c, 75
7151, Note_on_c, 63
7158, Note_on_c, 61
7160, Note_on_c, 55
7166, Note_on_c, 77
7168, Note_on_c, 65
7174, Note_on_c, 75
7178, Note_on_c, 63
7194, Note_on_c, 79
7195, Note_on_c, 67
7201, Note_on_c, 77
7202, Note_on_c, 65
7210, Note_on_c, 80
7213, Note_on_c, 68
7216, Note_on_c, 56
7217, Note_on_c, 44
7219, Note_on_c, 79
7223, Note_on_c, 67
7242, Note_on_c, 56
7247, Note_on_c, 80
7249, Note_on_c, 68
7256, Note_on_c, 82
7259, Note_on_c, 70
7296, Note_on_c, 60
7297, Note_on_c, 56
7298, Note_on_c, 82
7300, Note_on_c, 84
7301, Note_on_c, 70
7302, Note_on_c, 72
7306, Note_on_c, 51
7307, Note_on_c, 44
7332, Note_on_c, 51
7333, Note_on_c, 56
7339, Note_on_c, 60
7344, Note_on_c, 84
7344, Note_on_c, 87
7346, Note_on_c, 72
7346, Note_on_c, 75
7378, Note_on_c, 39
7387, Note_on_c, 87
7389, Note_on_c, 84
7391, Note_on_c, 72
7394, Note_on_c, 51
7398, Note_on_c, 75
7432, Note_on_c, 87
7435, Note_on_c, 75
7441, Note_on_c, 84
7443, Note_on_c, 72
7447, Note_on_c, 51
7477, Note_on_c, 82
7480, Note_on_c, 70
7482, Note_on_c, 61
7483, Note_on_c, 51
7483, Note_on_c, 55
7484, Note_on_c, 87
7487, Note_on_c, 75
7494, Note_on_c, 39
7515, Note_on_c, 55
7515, Note_on_c, 61
7517, Note_on_c, 51
7563, Note_on_c, 80
7567, Note_on_c, 68
7569, Note_on_c, 60
7570, Note_on_c, 56
7572, Note_on_c, 82
7575, Note_on_c, 70
7631, Note_on_c, 86
7633, Note_on_c, 74
7647, Note_on_c, 87
7650, Note_on_c, 75
7652, Note_on_c, 61
7655, Note_on_c, 86
7655, Note_on_c, 49
7657, Note_on_c, 80
7658, Note_on_c, 68
7658, Note_on_c, 74
7660, Note_on_c, 60
7661, Note_on_c, 56
7690, Note_on_c, 75
7696, Note_on_c, 87
7711, Note_on_c, 49
7714, Note_on_c, 86
7716, Note_on_c, 74
7731, Note_on_c, 87
7734, Note_on_c, 75
7736, Note_on_c, 61
7737, Note_on_c, 60
7738, Note_on_c, 48
7739, Note_on_c, 86
7742, Note_on_c, 74
7773, Note_on_c, 87
7776, Note_on_c, 75
7802, Note_on_c, 86
7803, Note_on_c, 74
7818, Note_on_c, 87
7820, Note_on_c, 75
7824, Note_on_c, 48
7824, Note_on_c, 58
7825, Note_on_c, 46
7826, Note_on_c, 86
7828, Note_on_c, 74
7830, Note_on_c, 60
7851, Note_on_c, 87
7854, Note_on_c, 75
7902, Note_on_c, 87
7905, Note_on_c, 75
7908, Note_on_c, 56
7909, Note_on_c, 44
7915, Note_on_c, 58
7917, Note_on_c, 46
7944, Note_on_c, 89
7945, Note_on_c, 77
7947, Note_on_c, 56
7951, Note_on_c, 87
7953, Note_on_c, 75
7984, Note_on_c, 92
7986, Note_on_c, 80
7991, Note_on_c, 51
7991, Note_on_c, 56
7991, Note_on_c, 60
7993, Note_on_c, 89
7995, Note_on_c, 77
8000, Note_on_c, 44
8024, Note_on_c, 60
8024, Note_on_c, 56
8025, Note_on_c, 51
8030, Note_on_c, 87
8033, Note_on_c, 75
8037, Note_on_c, 92
8039, Note_on_c, 80
8074, Note_on_c, 89
8076, Note_on_c, 77
8080, Note_on_c, 51
8082, Note_on_c, 39
8083, Note_on_c, 87
8085, Note_on_c, 75
8118, Note_on_c, 92
8120, Note_on_c, 80
8126, Note_on_c, 89
8129, Note_on_c, 77
8134, Note_on_c, 51
8164, Note_on_c, 87
8167, Note_on_c, 75
8169, Note_on_c, 63
8170, Note_on_c, 56
8170, Note_on_c, 60
8171, Note_on_c, 92
8173, Note_on_c, 80
8180, Note_on_c, 39
8203, Note_on_c, 63
8204, Note_on_c, 60
8205, Note_on_c, 56
8209, Note_on_c, 89
8210, Note_on_c, 77
8215, Note_on_c, 87
8232, Note_on_c, 75
8249, Note_on_c, 92
8253, Note_on_c, 80
8258, Note_on_c, 89
8258, Note_on_c, 56
8258, Note_on_c, 44
8261, Note_on_c, 77
8296, Note_on_c, 87
8297, Note_on_c, 80
8299, Note_on_c, 75
8301, Note_on_c, 56
8304, Note_on_c, 92
8340, Note_on_c, 89
8341, Note_on_c, 75
8341, Note_on_c, 77
8345, Note_on_c, 60
8346, Note_on_c, 56
8347, Note_on_c, 44
8347, Note_on_c, 53
8349, Note_on_c, 87
8379, Note_on_c, 60
8379, Note_on_c, 56
8380, Note_on_c, 53
8382, Note_on_c, 92
8385, Note_on_c, 77
8386, Note_on_c, 80
8392, Note_on_c, 89
8426, Note_on_c, 51
8429, Note_on_c, 39
8475, Note_on_c, 89
8477, Note_on_c, 77
8481, Note_on_c, 51
8483, Note_on_c, 92
8486, Note_on_c, 80
8522, Note_on_c, 87
8525, Note_on_c, 75
8527, Note_on_c, 60
8528, Note_on_c, 51
8528, Note_on_c, 56
8530, Note_on_c, 39
8530, Note_on_c, 89
8533, Note_on_c, 77
8554, Note_on_c, 60
8556, Note_on_c, 51
8561, Note_on_c, 84
8562, Note_on_c, 72
8564, Note_on_c, 56
8568, Note_on_c, 87
8570, Note_on_c, 75
8615, Note_on_c, 80
8618, Note_on_c, 68
8621, Note_on_c, 41
8621, Note_on_c, 53
8623, Note_on_c, 84
8625, Note_on_c, 72
8660, Note_on_c, 80
8661, Note_on_c, 82
8664, Note_on_c, 70
8670, Note_on_c, 68
8706, Note_on_c, 84
8707, Note_on_c, 72
8709, Note_on_c, 65
8710, Note_on_c, 60
8711, Note_on_c, 56
8714, Note_on_c, 82
8716, Note_on_c, 70
8719, Note_on_c, 53
8722, Note_on_c, 41
8744, Note_on_c, 65
8746, Note_on_c, 60
8746, Note_on_c, 56
8751, Note_on_c, 80
8754, Note_on_c, 68
8759, Note_on_c, 84
8762, Note_on_c, 72
8797, Note_on_c, 82
8800, Note_on_c, 70
8802, Note_on_c, 60
8803, Note_on_c, 48
8806, Note_on_c, 80
8808, Note_on_c, 68
8843, Note_on_c, 84
8844, Note_on_c, 72
8850, Note_on_c, 82
8852, Note_on_c, 70
8854, Note_on_c, 60
8884, Note_on_c, 80
8887, Note_on_c, 68
8888, Note_on_c, 65
8890, Note_on_c, 48
8890, Note_on_c, 56
8890, Note_on_c, 60
8893, Note_on_c, 84
8895, Note_on_c, 72
8921, Note_on_c, 68
8922, Note_on_c, 65
8923, Note_on_c, 60
8924, Note_on_c, 56
8930, Note_on_c, 82
8930, Note_on_c, 70
8936, Note_on_c, 80
8972, Note_on_c, 84
8974, Note_on_c, 72
8978, Note_on_c, 53
8978, Note_on_c, 41
8980, Note_on_c, 82
8981, Note_on_c, 70
9015, Note_on_c, 84
9016, Note_on_c, 80
9019, Note_on_c, 68
9026, Note_on_c, 72
9062, Note_on_c, 68
9062, Note_on_c, 82
9064, Note_on_c, 65
9065, Note_on_c, 70
9066, Note_on_c, 53
9066, Note_on_c, 60
9067, Note_on_c, 56
9068, Note_on_c, 41
9070, Note_on_c, 80
9090, Note_on_c, 70
9092, Note_on_c, 60
9092, Note_on_c, 56
9099, Note_on_c, 65
9106, Note_on_c, 84
9108, Note_on_c, 72
9113, Note_on_c, 82
9147, Note_on_c, 48
9194, Note_on_c, 82
9197, Note_on_c, 70
9202, Note_on_c, 84
9205, Note_on_c, 72
9242, Note_on_c, 65
9242, Note_on_c, 68
9243, Note_on_c, 56
9243, Note_on_c, 60
9246, Note_on_c, 80
9247, Note_on_c, 82
9249, Note_on_c, 70
9254, Note_on_c, 48
9259, Note_on_c, 65
9276, Note_on_c, 60
9277, Note_on_c, 56
9283, Note_on_c, 77
9286, Note_on_c, 65
9290, Note_on_c, 80
9292, Note_on_c, 68
9329, Note_on_c, 75
9332, Note_on_c, 63
9333, Note_on_c, 58
9335, Note_on_c, 46
9337, Note_on_c, 77
9338, Note_on_c, 65
9359, Note_on_c, 58
9367, Note_on_c, 63
9374, Note_on_c, 77
9377, Note_on_c, 65
9383, Note_on_c, 75
9421, Note_on_c, 79
9422, Note_on_c, 67
9424, Note_on_c, 61
9425, Note_on_c, 51
9426, Note_on_c, 55
9430, Note_on_c, 77
9432, Note_on_c, 65
9435, Note_on_c, 46
9460, Note_on_c, 61
9461, Note_on_c, 55
9462, Note_on_c, 51
9468, Note_on_c, 75
9471, Note_on_c, 63
9476, Note_on_c, 79
9496, Note_on_c, 67
9512, Note_on_c, 77
9514, Note_on_c, 65
9517, Note_on_c, 51
9520, Note_on_c, 39
9521, Note_on_c, 75
9524, Note_on_c, 63
9571, Note_on_c, 51
9602, Note_on_c, 79
9604, Note_on_c, 67
9605, Note_on_c, 63
9606, Note_on_c, 61
9607, Note_on_c, 55
9610, Note_on_c, 77
9613, Note_on_c, 65
9618, Note_on_c, 39
9623, Note_on_c, 63
9640, Note_on_c, 67
9641, Note_on_c, 61
9642, Note_on_c, 55
9648, Note_on_c, 75
9651, Note_on_c, 63
9655, Note_on_c, 79
9694, Note_on_c, 77
9697, Note_on_c, 65
9698, Note_on_c, 58
9700, Note_on_c, 46
9703, Note_on_c, 75
9706, Note_on_c, 63
9742, Note_on_c, 79
9744, Note_on_c, 67
9749, Note_on_c, 77
9751, Note_on_c, 65
9780, Note_on_c, 63
9781, Note_on_c, 55
9781, Note_on_c, 61
9789, Note_on_c, 58
9791, Note_on_c, 46
9796, Note_on_c, 63
9814, Note_on_c, 61
9823, Note_on_c, 55
9829, Note_on_c, 67
9829, Note_on_c, 75
9831, Note_on_c, 63
9836, Note_on_c, 79
9870, Note_on_c, 39
9871, Note_on_c, 75
9871, Note_on_c, 77
9874, Note_on_c, 65
9877, Note_on_c, 51
9882, Note_on_c, 63
9961, Note_on_c, 61
9962, Note_on_c, 55
9965, Note_on_c, 77
9968, Note_on_c, 65
9971, Note_on_c, 51
9974, Note_on_c, 39
9986, Note_on_c, 75
9988, Note_on_c, 63
9996, Note_on_c, 61
9997, Note_on_c, 55
10002, Note_on_c, 77
10006, Note_on_c, 65
10010, Note_on_c, 75
10013, Note_on_c, 63
10029, Note_on_c, 79
10032, Note_on_c, 67
10036, Note_on_c, 44
10037, Note_on_c, 77
10040, Note_on_c, 65
10046, Note_on_c, 80
10049, Note_on_c, 68
10053, Note_on_c, 56
10055, Note_on_c, 79
10058, Note_on_c, 67
10090, Note_on_c, 79
10092, Note_on_c, 67
10097, Note_on_c, 80
10099, Note_on_c, 68
10103, Note_on_c, 56
10130, Note_on_c, 79
10130, Note_on_c, 80
10132, Note_on_c, 67
10133, Note_on_c, 68
10134, Note_on_c, 63
10135, Note_on_c, 60
10136, Note_on_c, 56
10137, Note_on_c, 44
10164, Note_on_c, 68
10165, Note_on_c, 63
10166, Note_on_c, 60
10167, Note_on_c, 56
10172, Note_on_c, 77
10174, Note_on_c, 65
10178, Note_on_c, 80
10217, Note_on_c, 46
10251, Note_on_c, 79
10253, Note_on_c, 67
10260, Note_on_c, 77
10261, Note_on_c, 65
10293, Note_on_c, 80
10295, Note_on_c, 68
10298, Note_on_c, 58
10298, Note_on_c, 62
10298, Note_on_c, 56
10301, Note_on_c, 79
10304, Note_on_c, 67
10307, Note_on_c, 46
10322, Note_on_c, 62
10323, Note_on_c, 56
10323, Note_on_c, 58
10378, Note_on_c, 43
10382, Note_on_c, 68
10382, Note_on_c, 82
10384, Note_on_c, 70
10386, Note_on_c, 55
10391, Note_on_c, 80
10426, Note_on_c, 81
10427, Note_on_c, 69
10433, Note_on_c, 82
10435, Note_on_c, 70
10437, Note_on_c, 55
10467, Note_on_c, 82
10469, Note_on_c, 70
10470, Note_on_c, 61
10471, Note_on_c, 51
10471, Note_on_c, 55
10475, Note_on_c, 81
10476, Note_on_c, 69
10481, Note_on_c, 43
10494, Note_on_c, 61
10503, Note_on_c, 55
10504, Note_on_c, 51
10509, Note_on_c, 87
10511, Note_on_c, 75
10512, Note_on_c, 67
10516, Note_on_c, 82
10518, Note_on_c, 70
10556, Note_on_c, 51
10557, Note_on_c, 39
10593, Note_on_c, 85
10601, Note_on_c, 87
10620, Note_on_c, 75
10638, Note_on_c, 82
10641, Note_on_c, 51
10641, Note_on_c, 63
10642, Note_on_c, 55
10642, Note_on_c, 61
10644, Note_on_c, 39
10646, Note_on_c, 85
10676, Note_on_c, 63
10677, Note_on_c, 55
10677, Note_on_c, 61
10684, Note_on_c, 79
10691, Note_on_c, 82
10726, Note_on_c, 87
10729, Note_on_c, 75
10731, Note_on_c, 56
10732, Note_on_c, 44
10735, Note_on_c, 79
10737, Note_on_c, 67
10769, Note_on_c, 89
10771, Note_on_c, 77
10777, Note_on_c, 87
10778, Note_on_c, 75
10782, Note_on_c, 56
10810, Note_on_c, 92
10813, Note_on_c, 80
10816, Note_on_c, 63
10818, Note_on_c, 56
10818, Note_on_c, 60
10820, Note_on_c, 89
10823, Note_on_c, 77
10827, Note_on_c, 44
10851, Note_on_c, 60
10851, Note_on_c, 63
10852, Note_on_c, 56
10858, Note_on_c, 87
10860, Note_on_c, 75
10865, Note_on_c, 92
10867, Note_on_c, 80
10903, Note_on_c, 89
10905, Note_on_c, 77
10909, Note_on_c, 51
10911, Note_on_c, 39
10912, Note_on_c, 87
10915, Note_on_c, 75
10947, Note_on_c, 92
10950, Note_on_c, 80
10956, Note_on_c, 89
10959, Note_on_c, 77
10992, Note_on_c, 92
10995, Note_on_c, 87
10997, Note_on_c, 68
10997, Note_on_c, 75
10999, Note_on_c, 63
11000, Note_on_c, 51
11000, Note_on_c, 60
11001, Note_on_c, 39
11004, Note_on_c, 80
11023, Note_on_c, 68
11026, Note_on_c, 60
11031, Note_on_c, 89
11035, Note_on_c, 63
11040, Note_on_c, 87
11042, Note_on_c, 75
11042, Note_on_c, 77
11082, Note_on_c, 56
11083, Note_on_c, 44
11084, Note_on_c, 89
11085, Note_on_c, 92
11087, Note_on_c, 77
11087, Note_on_c, 80
11128, Note_on_c, 87
11131, Note_on_c, 75
11133, Note_on_c, 56
11135, Note_on_c, 92
11138, Note_on_c, 80
11170, Note_on_c, 87
11171, Note_on_c, 89
11173, Note_on_c, 77
11177, Note_on_c, 51
11177, Note_on_c, 60
11178, Note_on_c, 56
11179, Note_on_c, 44
11182, Note_on_c, 75
11211, Note_on_c, 60
11212, Note_on_c, 51
11212, Note_on_c, 56
11214, Note_on_c, 92
11218, Note_on_c, 80
11224, Note_on_c, 89
11227, Note_on_c, 77
11268, Note_on_c, 51
11270, Note_on_c, 39
11308, Note_on_c, 77
11312, Note_on_c, 51
11314, Note_on_c, 92
11316, Note_on_c, 80
11354, Note_on_c, 75
11356, Note_on_c, 63
11357, Note_on_c, 56
11357, Note_on_c, 60
11362, Note_on_c, 77
11369, Note_on_c, 39
11390, Note_on_c, 63
11391, Note_on_c, 60
11392, Note_on_c, 56
11398, Note_on_c, 84
11399, Note_on_c, 72
11406, Note_on_c, 75
11440, Note_on_c, 80
11443, Note_on_c, 68
11447, Note_on_c, 41
11447, Note_on_c, 53
11449, Note_on_c, 84
11450, Note_on_c, 72
11484, Note_on_c, 82
11487, Note_on_c, 70
11492, Note_on_c, 80
11495, Note_on_c, 68
11529, Note_on_c, 72
11529, Note_on_c, 84
11531, Note_on_c, 65
11533, Note_on_c, 56
11533, Note_on_c, 60
11537, Note_on_c, 82
11538, Note_on_c, 70
11543, Note_on_c, 53
11544, Note_on_c, 41
11566, Note_on_c, 65
11567, Note_on_c, 60
11568, Note_on_c, 56
11572, Note_on_c, 84
11573, Note_on_c, 80
11574, Note_on_c, 72
11576, Note_on_c, 68
11615, Note_on_c, 48
11619, Note_on_c, 82
11621, Note_on_c, 70
11623, Note_on_c, 60
11627, Note_on_c, 80
11629, Note_on_c, 68
11664, Note_on_c, 84
11666, Note_on_c, 70
11666, Note_on_c, 72
11667, Note_on_c, 60
11673, Note_on_c, 82
11709, Note_on_c, 80
11712, Note_on_c, 65
11712, Note_on_c, 68
11714, Note_on_c, 56
11714, Note_on_c, 60
11716, Note_on_c, 84
11719, Note_on_c, 72
11724, Note_on_c, 48
11745, Note_on_c, 68
11746, Note_on_c, 65
11747, Note_on_c, 60
11748, Note_on_c, 56
11754, Note_on_c, 82
11756, Note_on_c, 70
11762, Note_on_c, 80
11797, Note_on_c, 84
11799, Note_on_c, 72
11803, Note_on_c, 53
11804, Note_on_c, 41
11806, Note_on_c, 82
11807, Note_on_c, 70
11842, Note_on_c, 80
11844, Note_on_c, 68
11850, Note_on_c, 84
11853, Note_on_c, 72
11886, Note_on_c, 82
11890, Note_on_c, 65
11890, Note_on_c, 70
11892, Note_on_c, 53
11892, Note_on_c, 60
11893, Note_on_c, 56
11894, Note_on_c, 41
11896, Note_on_c, 80
11898, Note_on_c, 68
11926, Note_on_c, 65
11928, Note_on_c, 60
11929, Note_on_c, 56
11934, Note_on_c, 84
11936, Note_on_c, 72
11942, Note_on_c, 82
11944, Note_on_c, 70
11983, Note_on_c, 60
11984, Note_on_c, 48
12023, Note_on_c, 82
12025, Note_on_c, 70
12030, Note_on_c, 84
12032, Note_on_c, 72
12035, Note_on_c, 60
12070, Note_on_c, 65
12070, Note_on_c, 68
12073, Note_on_c, 56
12073, Note_on_c, 60
12075, Note_on_c, 82
12076, Note_on_c, 80
12077, Note_on_c, 70
12081, Note_on_c, 48
12087, Note_on_c, 65
12105, Note_on_c, 60
12106, Note_on_c, 56
12112, Note_on_c, 77
12116, Note_on_c, 65
12121, Note_on_c, 80
12122, Note_on_c, 68
12160, Note_on_c, 75
12163, Note_on_c, 63
12164, Note_on_c, 58
12166, Note_on_c, 46
12168, Note_on_c, 77
12170, Note_on_c, 65
12206, Note_on_c, 77
12210, Note_on_c, 65
12216, Note_on_c, 75
12218, Note_on_c, 63
12254, Note_on_c, 79
12256, Note_on_c, 67
12258, Note_on_c, 55
12258, Note_on_c, 61
12259, Note_on_c, 51
12263, Note_on_c, 77
12267, Note_on_c, 58
12268, Note_on_c, 65
12268, Note_on_c, 46
12285, Note_on_c, 61
12287, Note_on_c, 51
12294, Note_on_c, 55
12300, Note_on_c, 75
12303, Note_on_c, 63
12308, Note_on_c, 79
12311, Note_on_c, 67
12345, Note_on_c, 77
12348, Note_on_c, 65
12350, Note_on_c, 51
12353, Note_on_c, 39
12355, Note_on_c, 75
12358, Note_on_c, 63
12393, Note_on_c, 51
12432, Note_on_c, 79
12434, Note_on_c, 67
12435, Note_on_c, 61
12436, Note_on_c, 55
12440, Note_on_c, 77
12442, Note_on_c, 65
12448, Note_on_c, 39
12461, Note_on_c, 61
12471, Note_on_c, 55
12478, Note_on_c, 67
12478, Note_on_c, 75
12480, Note_on_c, 63
12484, Note_on_c, 79
12521, Note_on_c, 77
12524, Note_on_c, 65
12526, Note_on_c, 58
12527, Note_on_c, 46
12530, Note_on_c, 75
12532, Note_on_c, 63
12565, Note_on_c, 79
12567, Note_on_c, 67
12569, Note_on_c, 61
12574, Note_on_c, 77
12576, Note_on_c, 65
12578, Note_on_c, 58
12613, Note_on_c, 55
12614, Note_on_c, 51
12620, Note_on_c, 61
12623, Note_on_c, 46
12647, Note_on_c, 55
12648, Note_on_c, 51
12652, Note_on_c, 75
12655, Note_on_c, 63
12659, Note_on_c, 79
12663, Note_on_c, 67
12694, Note_on_c, 77
12697, Note_on_c, 65
12699, Note_on_c, 51
12700, Note_on_c, 39
12703, Note_on_c, 75
12705, Note_on_c, 63
12746, Note_on_c, 51
12779, Note_on_c, 61
12780, Note_on_c, 55
12784, Note_on_c, 77
12786, Note_on_c, 65
12790, Note_on_c, 39
12803, Note_on_c, 75
12805, Note_on_c, 63
12819, Note_on_c, 77
12821, Note_on_c, 65
12822, Note_on_c, 55
12823, Note_on_c, 61
12836, Note_on_c, 75
12839, Note_on_c, 63
12844, Note_on_c, 79
12846, Note_on_c, 67
12852, Note_on_c, 77
12854, Note_on_c, 65
12861, Note_on_c, 80
12864, Note_on_c, 68
12866, Note_on_c, 56
12866, Note_on_c, 44
12879, Note_on_c, 79
12880, Note_on_c, 67
12888, Note_on_c, 68
12894, Note_on_c, 80
12898, Note_on_c, 56
12905, Note_on_c, 82
12907, Note_on_c, 70
12945, Note_on_c, 82
12946, Note_on_c, 70
12946, Note_on_c, 84
12948, Note_on_c, 72
12949, Note_on_c, 51
12950, Note_on_c, 44
12950, Note_on_c, 56
12950, Note_on_c, 60
12982, Note_on_c, 60
12982, Note_on_c, 56
12983, Note_on_c, 51
12987, Note_on_c, 87
12989, Note_on_c, 75
12996, Note_on_c, 84
12997, Note_on_c, 72
13032, Note_on_c, 84
13033, Note_on_c, 72
13035, Note_on_c, 51
13036, Note_on_c, 39
13038, Note_on_c, 87
13040, Note_on_c, 75
13075, Note_on_c, 87
13076, Note_on_c, 75
13082, Note_on_c, 84
13084, Note_on_c, 72
13087, Note_on_c, 51
13120, Note_on_c, 82
13121, Note_on_c, 70
13123, Note_on_c, 51
13123, Note_on_c, 55
13123, Note_on_c, 61
13127, Note_on_c, 87
13129, Note_on_c, 75
13132, Note_on_c, 39
13157, Note_on_c, 61
13157, Note_on_c, 55
13158, Note_on_c, 51
13209, Note_on_c, 80
13211, Note_on_c, 68
13213, Note_on_c, 56
13214, Note_on_c, 44
13218, Note_on_c, 82
13220, Note_on_c, 70
13301, Note_on_c, 67
13303, Note_on_c, 55
13304, Note_on_c, 43
13308, Note_on_c, 80
13310, Note_on_c, 68
13312, Note_on_c, 56
13314, Note_on_c, 44
13389, Note_on_c, 67
13391, Note_on_c, 55
13391, Note_on_c, 65
13393, Note_on_c, 43
13393, Note_on_c, 41
13393, Note_on_c, 53
13482, Note_on_c, 52
13482, Note_on_c, 64
13483, Note_on_c, 40
13489, Note_on_c, 65
13490, Note_on_c, 53
13492, Note_on_c, 41
13566, Note_on_c, 39
13572, Note_on_c, 64
13573, Note_on_c, 52
13574, Note_on_c, 40
13574, Note_on_c, 51
13654, Note_on_c, 52
13655, Note_on_c, 39
13655, Note_on_c, 40
13662, Note_on_c, 51
13705, Note_on_c, 52
13706, Note_on_c, 40
13706, Note_on_c, 41
13706, Note_on_c, 53
13796, Note_on_c, 42
13796, Note_on_c, 54
13803, Note_on_c, 53
13804, Note_on_c, 41
13841, Note_on_c, 55
13842, Note_on_c, 43
13849, Note_on_c, 54
13850, Note_on_c, 42
13926, Note_on_c, 68
13930, Note_on_c, 44
13930, Note_on_c, 56
13937, Note_on_c, 55
13938, Note_on_c, 43
13971, Note_on_c, 56
14013, Note_on_c, 68
14013, Note_on_c, 77
14017, Note_on_c, 51
14017, Note_on_c, 56
14017, Note_on_c, 60
14018, Note_on_c, 44
14042, Note_on_c, 51
14048, Note_on_c, 77
14051, Note_on_c, 60
14051, Note_on_c, 56
14058, Note_on_c, 75
14059, Note_on_c, 68
14059, Note_on_c, 72
14099, Note_on_c, 39
14106, Note_on_c, 51
14119, Note_on_c, 68
14128, Note_on_c, 75
14129, Note_on_c, 72
14141, Note_on_c, 51
14147, Note_on_c, 77
14183, Note_on_c, 77
14189, Note_on_c, 39
14194, Note_on_c, 68
14194, Note_on_c, 72
14194, Note_on_c, 75
14197, Note_on_c, 51
14197, Note_on_c, 56
14197, Note_on_c, 60
14223, Note_on_c, 51
14231, Note_on_c, 60
14232, Note_on_c, 56
14282, Note_on_c, 67
14284, Note_on_c, 58
14285, Note_on_c, 46
14289, Note_on_c, 68
14289, Note_on_c, 75
14289, Note_on_c, 72
14368, Note_on_c, 77
14372, Note_on_c, 55
14372, Note_on_c, 61
14373, Note_on_c, 51
14378, Note_on_c, 67
14379, Note_on_c, 58
14381, Note_on_c, 46
14398, Note_on_c, 61
14408, Note_on_c, 55
14409, Note_on_c, 51
14415, Note_on_c, 75
14416, Note_on_c, 73
14417, Note_on_c, 67
14423, Note_on_c, 77
14464, Note_on_c, 51
14466, Note_on_c, 39
14496, Note_on_c, 75
14498, Note_on_c, 67
14505, Note_on_c, 77
14506, Note_on_c, 73
14518, Note_on_c, 51
14541, Note_on_c, 77
14551, Note_on_c, 67
14551, Note_on_c, 73
14551, Note_on_c, 75
14553, Note_on_c, 63
14554, Note_on_c, 61
14555, Note_on_c, 55
14565, Note_on_c, 39
14586, Note_on_c, 63
14587, Note_on_c, 61
14588, Note_on_c, 55
14638, Note_on_c, 68
14641, Note_on_c, 56
14642, Note_on_c, 44
14644, Note_on_c, 75
14645, Note_on_c, 73
14646, Note_on_c, 67
14684, Note_on_c, 56
14725, Note_on_c, 77
14729, Note_on_c, 60
14730, Note_on_c, 51
14731, Note_on_c, 44
14731, Note_on_c, 56
14735, Note_on_c, 68
14760, Note_on_c, 77
14764, Note_on_c, 56
14764, Note_on_c, 60
14766, Note_on_c, 51
14772, Note_on_c, 72
14772, Note_on_c, 75
14773, Note_on_c, 68
14822, Note_on_c, 51
14825, Note_on_c, 39
14844, Note_on_c, 75
14845, Note_on_c, 72
14845, Note_on_c, 68
14858, Note_on_c, 51
14864, Note_on_c, 77
14906, Note_on_c, 39
14910, Note_on_c, 68
14910, Note_on_c, 72
14910, Note_on_c, 75
14912, Note_on_c, 63
14913, Note_on_c, 56
14913, Note_on_c, 60
14918, Note_on_c, 77
14938, Note_on_c, 56
14938, Note_on_c, 60
14946, Note_on_c, 63
15001, Note_on_c, 51
15002, Note_on_c, 39
15004, Note_on_c, 75
15005, Note_on_c, 68
15005, Note_on_c, 72
15089, Note_on_c, 52
15092, Note_on_c, 40
15098, Note_on_c, 51
15099, Note_on_c, 39
15134, Note_on_c, 53
15135, Note_on_c, 41
15141, Note_on_c, 52
15143, Note_on_c, 40
15220, Note_on_c, 54
15221, Note_on_c, 42
15227, Note_on_c, 53
15228, Note_on_c, 41
15261, Note_on_c, 55
15262, Note_on_c, 43
15267, Note_on_c, 54
15269, Note_on_c, 42
15342, Note_on_c, 68
15345, Note_on_c, 56
15346, Note_on_c, 44
15352, Note_on_c, 55
15353, Note_on_c, 43
15386, Note_on_c, 56
15421, Note_on_c, 60
15422, Note_on_c, 56
15426, Note_on_c, 77
15428, Note_on_c, 68
15431, Note_on_c, 51
15432, Note_on_c, 44
15455, Note_on_c, 60
15456, Note_on_c, 51
15465, Note_on_c, 56
15470, Note_on_c, 77
15472, Note_on_c, 72
15472, Note_on_c, 75
15473, Note_on_c, 68
15517, Note_on_c, 51
15519, Note_on_c, 39
15547, Note_on_c, 75
15548, Note_on_c, 72
15548, Note_on_c, 68
15556, Note_on_c, 77
15567, Note_on_c, 51
15588, Note_on_c, 77
15599, Note_on_c, 75
15600, Note_on_c, 68
15600, Note_on_c, 72
15602, Note_on_c, 51
15602, Note_on_c, 56
15602, Note_on_c, 60
15611, Note_on_c, 39
15634, Note_on_c, 60
15635, Note_on_c, 56
15636, Note_on_c, 51
15689, Note_on_c, 70
15691, Note_on_c, 41
15691, Note_on_c, 53
15695, Note_on_c, 75
15696, Note_on_c, 72
15696, Note_on_c, 68
15735, Note_on_c, 74
15742, Note_on_c, 70
15779, Note_on_c, 77
15783, Note_on_c, 58
15783, Note_on_c, 62
15784, Note_on_c, 56
15790, Note_on_c, 74
15793, Note_on_c, 53
15794, Note_on_c, 41
15818, Note_on_c, 62
15819, Note_on_c, 56
15819, Note_on_c, 58
15826, Note_on_c, 82
15829, Note_on_c, 70
15835, Note_on_c, 77
15874, Note_on_c, 58
15876, Note_on_c, 46
15915, Note_on_c, 82
15916, Note_on_c, 70
15917, Note_on_c, 74
15927, Note_on_c, 58
15961, Note_on_c, 80
15962, Note_on_c, 68
15963, Note_on_c, 58
15963, Note_on_c, 62
15964, Note_on_c, 56
15969, Note_on_c, 74
15973, Note_on_c, 46
15998, Note_on_c, 62
15999, Note_on_c, 58
15999, Note_on_c, 56
16051, Note_on_c, 79
16052, Note_on_c, 67
16055, Note_on_c, 51
16056, Note_on_c, 39
16058, Note_on_c, 80
16060, Note_on_c, 68
16137, Note_on_c, 39
16142, Note_on_c, 77
16144, Note_on_c, 65
16145, Note_on_c, 51
16147, Note_on_c, 41
16147, Note_on_c, 53
16151, Note_on_c, 79
16153, Note_on_c, 67
16217, Note_on_c, 55
16225, Note_on_c, 53
16230, Note_on_c, 75
16232, Note_on_c, 63
16234, Note_on_c, 43
16238, Note_on_c, 77
16240, Note_on_c, 65
16244, Note_on_c, 41
16321, Note_on_c, 55
16322, Note_on_c, 46
16322, Note_on_c, 58
16327, Note_on_c, 75
16328, Note_on_c, 63
16332, Note_on_c, 43
16413, Note_on_c, 51
16416, Note_on_c, 39
16420, Note_on_c, 58
16422, Note_on_c, 46
16502, Note_on_c, 52
16504, Note_on_c, 40
16511, Note_on_c, 51
16512, Note_on_c, 39
16546, Note_on_c, 53
16547, Note_on_c, 41
16553, Note_on_c, 52
16555, Note_on_c, 40
16635, Note_on_c, 54
16636, Note_on_c, 42
16643, Note_on_c, 53
16645, Note_on_c, 41
16674, Note_on_c, 43
16680, Note_on_c, 54
16681, Note_on_c, 55
16682, Note_on_c, 42
16770, Note_on_c, 68
16774, Note_on_c, 43
16774, Note_on_c, 56
16775, Note_on_c, 44
16780, Note_on_c, 55
16825, Note_on_c, 56
16848, Note_on_c, 68
16856, Note_on_c, 77
16860, Note_on_c, 60
16861, Note_on_c, 51
16861, Note_on_c, 56
16871, Note_on_c, 44
16891, Note_on_c, 77
16894, Note_on_c, 60
16895, Note_on_c, 56
16896, Note_on_c, 51
16901, Note_on_c, 72
16902, Note_on_c, 68
16902, Note_on_c, 75
16951, Note_on_c, 51
16954, Note_on_c, 39
16983, Note_on_c, 75
16983, Note_on_c, 68
16984, Note_on_c, 72
16992, Note_on_c, 77
17004, Note_on_c, 51
17028, Note_on_c, 77
17038, Note_on_c, 72
17039, Note_on_c, 68
17039, Note_on_c, 75
17041, Note_on_c, 60
17042, Note_on_c, 51
17042, Note_on_c, 56
17043, Note_on_c, 39
17075, Note_on_c, 60
17076, Note_on_c, 56
17077, Note_on_c, 51
17117, Note_on_c, 75
17118, Note_on_c, 68
17118, Note_on_c, 72
17128, Note_on_c, 67
17131, Note_on_c, 58
17133, Note_on_c, 46
17214, Note_on_c, 77
17217, Note_on_c, 61
17218, Note_on_c, 55
17219, Note_on_c, 51
17225, Note_on_c, 67
17226, Note_on_c, 58
17229, Note_on_c, 46
17249, Note_on_c, 77
17252, Note_on_c, 61
17254, Note_on_c, 55
17254, Note_on_c, 51
17259, Note_on_c, 73
17259, Note_on_c, 75
17261, Note_on_c, 67
17308, Note_on_c, 51
17311, Note_on_c, 39
17339, Note_on_c, 75
17339, Note_on_c, 73
17341, Note_on_c, 67
17349, Note_on_c, 77
17361, Note_on_c, 51
17382, Note_on_c, 77
17394, Note_on_c, 73
17394, Note_on_c, 75
17395, Note_on_c, 67
17397, Note_on_c, 61
17398, Note_on_c, 51
17398, Note_on_c, 55
17408, Note_on_c, 39
17423, Note_on_c, 61
17431, Note_on_c, 55
17432, Note_on_c, 51
17483, Note_on_c, 68
17486, Note_on_c, 56
17488, Note_on_c, 44
17490, Note_on_c, 73
17490, Note_on_c, 75
17492, Note_on_c, 67
17528, Note_on_c, 56
17569, Note_on_c, 77
17573, Note_on_c, 51
17573, Note_on_c, 56
17573, Note_on_c, 60
17579, Note_on_c, 68
17584, Note_on_c, 44
17603, Note_on_c, 77
17607, Note_on_c, 60
17607, Note_on_c, 72
17608, Note_on_c, 56
17609, Note_on_c, 51
17615, Note_on_c, 68
17615, Note_on_c, 75
17664, Note_on_c, 51
17666, Note_on_c, 39
17684, Note_on_c, 75
17685, Note_on_c, 72
17685, Note_on_c, 68
17702, Note_on_c, 77
17707, Note_on_c, 51
17736, Note_on_c, 77
17745, Note_on_c, 75
17746, Note_on_c, 72
17747, Note_on_c, 68
17749, Note_on_c, 56
17749, Note_on_c, 60
17752, Note_on_c, 39
17781, Note_on_c, 60
17782, Note_on_c, 56
17832, Note_on_c, 51
17834, Note_on_c, 39
17835, Note_on_c, 75
17837, Note_on_c, 68
17837, Note_on_c, 72
17907, Note_on_c, 52
17909, Note_on_c, 40
17916, Note_on_c, 51
17918, Note_on_c, 39
17950, Note_on_c, 53
17952, Note_on_c, 41
17958, Note_on_c, 52
17959, Note_on_c, 40
18046, Note_on_c, 42
18046, Note_on_c, 54
18052, Note_on_c, 53
18054, Note_on_c, 41
18086, Note_on_c, 55
18087, Note_on_c, 43
18094, Note_on_c, 54
18095, Note_on_c, 42
18168, Note_on_c, 68
18169, Note_on_c, 55
18170, Note_on_c, 56
18171, Note_on_c, 44
18178, Note_on_c, 43
18219, Note_on_c, 56
18252, Note_on_c, 77
18256, Note_on_c, 51
18256, Note_on_c, 56
18256, Note_on_c, 60
18262, Note_on_c, 68
18266, Note_on_c, 44
18288, Note_on_c, 77
18290, Note_on_c, 60
18291, Note_on_c, 56
18291, Note_on_c, 51
18298, Note_on_c, 72
18298, Note_on_c, 75
18299, Note_on_c, 68
18346, Note_on_c, 51
18348, Note_on_c, 39
18378, Note_on_c, 75
18379, Note_on_c, 68
18380, Note_on_c, 72
18386, Note_on_c, 77
18398, Note_on_c, 51
18421, Note_on_c, 77
18432, Note_on_c, 68
18432, Note_on_c, 72
18433, Note_on_c, 75
18434, Note_on_c, 56
18434, Note_on_c, 60
18434, Note_on_c, 63
18444, Note_on_c, 39
18466, Note_on_c, 60
18466, Note_on_c, 63
18467, Note_on_c, 56
18505, Note_on_c, 67
18508, Note_on_c, 75
18509, Note_on_c, 68
18509, Note_on_c, 72
18521, Note_on_c, 58
18523, Note_on_c, 46
18608, Note_on_c, 77
18609, Note_on_c, 67
18610, Note_on_c, 58
18612, Note_on_c, 46
18612, Note_on_c, 51
18612, Note_on_c, 55
18612, Note_on_c, 61
18635, Note_on_c, 77
18637, Note_on_c, 61
18639, Note_on_c, 51
18647, Note_on_c, 55
18655, Note_on_c, 67
18655, Note_on_c, 73
18655, Note_on_c, 75
18702, Note_on_c, 51
18704, Note_on_c, 39
18723, Note_on_c, 75
18724, Note_on_c, 73
18725, Note_on_c, 67
18743, Note_on_c, 77
18746, Note_on_c, 51
18786, Note_on_c, 77
18788, Note_on_c, 67
18788, Note_on_c, 73
18788, Note_on_c, 75
18790, Note_on_c, 63
18791, Note_on_c, 55
18791, Note_on_c, 61
18801, Note_on_c, 39
18823, Note_on_c, 63
18824, Note_on_c, 55
18824, Note_on_c, 61
18866, Note_on_c, 73
18866, Note_on_c, 75
18867, Note_on_c, 67
18876, Note_on_c, 68
18878, Note_on_c, 63
18879, Note_on_c, 56
18881, Note_on_c, 44
18969, Note_on_c, 51
18975, Note_on_c, 68
18976, Note_on_c, 63
18978, Note_on_c, 56
18980, Note_on_c, 44
19056, Note_on_c, 80
19057, Note_on_c, 72
19058, Note_on_c, 68
19060, Note_on_c, 56
19061, Note_on_c, 44
19068, Note_on_c, 51
19141, Note_on_c, 80
19143, Note_on_c, 68
19143, Note_on_c, 72
19146, Note_on_c, 56
19148, Note_on_c, 44
19229, Note_on_c, 56
19230, Note_on_c, 44
19235, Note_on_c, 87
19236, Note_on_c, 75
19275, Note_on_c, 56
19279, Note_on_c, 87
19280, Note_on_c, 89
19282, Note_on_c, 75
19282, Note_on_c, 77
19323, Note_on_c, 92
19327, Note_on_c, 80
19332, Note_on_c, 51
19332, Note_on_c, 60
19333, Note_on_c, 44
19333, Note_on_c, 56
19334, Note_on_c, 89
19337, Note_on_c, 77
19367, Note_on_c, 60
19368, Note_on_c, 51
19368, Note_on_c, 56
19372, Note_on_c, 87
19373, Note_on_c, 75
19379, Note_on_c, 92
19382, Note_on_c, 80
19416, Note_on_c, 89
19418, Note_on_c, 77
19421, Note_on_c, 51
19424, Note_on_c, 87
19424, Note_on_c, 39
19426, Note_on_c, 75
19459, Note_on_c, 92
19461, Note_on_c, 80
19466, Note_on_c, 89
19468, Note_on_c, 77
19473, Note_on_c, 51
19505, Note_on_c, 87
19507, Note_on_c, 75
19510, Note_on_c, 60
19510, Note_on_c, 63
19511, Note_on_c, 56
19513, Note_on_c, 92
19514, Note_on_c, 80
19521, Note_on_c, 39
19543, Note_on_c, 63
19544, Note_on_c, 60
19545, Note_on_c, 56
19551, Note_on_c, 89
19552, Note_on_c, 77
19559, Note_on_c, 87
19561, Note_on_c, 75
19594, Note_on_c, 92
19597, Note_on_c, 80
19602, Note_on_c, 56
19603, Note_on_c, 44
19604, Note_on_c, 89
19606, Note_on_c, 77
19641, Note_on_c, 87
19643, Note_on_c, 75
19646, Note_on_c, 56
19651, Note_on_c, 80
19658, Note_on_c, 92
19682, Note_on_c, 56
19684, Note_on_c, 87
19686, Note_on_c, 89
19687, Note_on_c, 75
19687, Note_on_c, 77
19691, Note_on_c, 60
19692, Note_on_c, 44
19693, Note_on_c, 53
19717, Note_on_c, 53
19717, Note_on_c, 56
19725, Note_on_c, 60
19729, Note_on_c, 92
19731, Note_on_c, 80
19737, Note_on_c, 89
19739, Note_on_c, 77
19780, Note_on_c, 51
19782, Note_on_c, 39
19812, Note_on_c, 89
19820, Note_on_c, 77
19826, Note_on_c, 92
19827, Note_on_c, 80
19833, Note_on_c, 51
19863, Note_on_c, 39
19864, Note_on_c, 87
19867, Note_on_c, 75
19870, Note_on_c, 60
19871, Note_on_c, 51
19871, Note_on_c, 56
19872, Note_on_c, 89
19874, Note_on_c, 77
19904, Note_on_c, 60
19905, Note_on_c, 56
19906, Note_on_c, 51
19911, Note_on_c, 84
19913, Note_on_c, 72
19919, Note_on_c, 87
19921, Note_on_c, 75
19956, Note_on_c, 80
19959, Note_on_c, 68
19962, Note_on_c, 53
19964, Note_on_c, 84
19964, Note_on_c, 41
19967, Note_on_c, 72
19999, Note_on_c, 80
20001, Note_on_c, 68
20001, Note_on_c, 82
20003, Note_on_c, 70
20044, Note_on_c, 84
20046, Note_on_c, 72
20048, Note_on_c, 65
20050, Note_on_c, 56
20050, Note_on_c, 60
20053, Note_on_c, 82
20056, Note_on_c, 70
20059, Note_on_c, 53
20061, Note_on_c, 41
20082, Note_on_c, 65
20082, Note_on_c, 72
20083, Note_on_c, 60
20084, Note_on_c, 56
20090, Note_on_c, 80
20092, Note_on_c, 68
20110, Note_on_c, 84
20136, Note_on_c, 82
20138, Note_on_c, 70
20140, Note_on_c, 48
20140, Note_on_c, 60
20143, Note_on_c, 80
20145, Note_on_c, 68
20174, Note_on_c, 60
20180, Note_on_c, 84
20182, Note_on_c, 72
20187, Note_on_c, 82
20189, Note_on_c, 70
20224, Note_on_c, 80
20227, Note_on_c, 65
20227, Note_on_c, 68
20229, Note_on_c, 60
20230, Note_on_c, 56
20233, Note_on_c, 84
20235, Note_on_c, 72
20239, Note_on_c, 48
20260, Note_on_c, 68
20261, Note_on_c, 65
20262, Note_on_c, 60
20263, Note_on_c, 56
20269, Note_on_c, 82
20271, Note_on_c, 70
20277, Note_on_c, 80
20312, Note_on_c, 84
20313, Note_on_c, 72
20317, Note_on_c, 53
20318, Note_on_c, 41
20320, Note_on_c, 82
20322, Note_on_c, 70
20354, Note_on_c, 80
20356, Note_on_c, 68
20362, Note_on_c, 84
20364, Note_on_c, 72
20392, Note_on_c, 53
20393, Note_on_c, 56
20394, Note_on_c, 41
20398, Note_on_c, 68
20398, Note_on_c, 82
20400, Note_on_c, 65
20400, Note_on_c, 70
20401, Note_on_c, 60
20405, Note_on_c, 80
20417, Note_on_c, 56
20423, Note_on_c, 70
20424, Note_on_c, 65
20425, Note_on_c, 60
20440, Note_on_c, 84
20441, Note_on_c, 72
20447, Note_on_c, 82
20468, Note_on_c, 48
20485, Note_on_c, 60
20518, Note_on_c, 60
20523, Note_on_c, 84
20525, Note_on_c, 72
20525, Note_on_c, 82
20527, Note_on_c, 70
20569, Note_on_c, 80
20570, Note_on_c, 65
20570, Note_on_c, 68
20571, Note_on_c, 56
20572, Note_on_c, 60
20577, Note_on_c, 82
20578, Note_on_c, 70
20582, Note_on_c, 48
20588, Note_on_c, 65
20604, Note_on_c, 68
20606, Note_on_c, 60
20607, Note_on_c, 56
20613, Note_on_c, 77
20615, Note_on_c, 65
20620, Note_on_c, 80
20657, Note_on_c, 75
20659, Note_on_c, 46
20659, Note_on_c, 58
20659, Note_on_c, 63
20665, Note_on_c, 77
20666, Note_on_c, 65
20697, Note_on_c, 77
20699, Note_on_c, 65
20705, Note_on_c, 75
20706, Note_on_c, 63
20738, Note_on_c, 79
20739, Note_on_c, 61
20740, Note_on_c, 51
20740, Note_on_c, 55
20746, Note_on_c, 77
20747, Note_on_c, 65
20747, Note_on_c, 67
20748, Note_on_c, 58
20750, Note_on_c, 46
20773, Note_on_c, 61
20774, Note_on_c, 55
20775, Note_on_c, 51
20781, Note_on_c, 75
20783, Note_on_c, 63
20788, Note_on_c, 79
20791, Note_on_c, 67
20825, Note_on_c, 77
20827, Note_on_c, 65
20829, Note_on_c, 51
20831, Note_on_c, 39
20834, Note_on_c, 75
20836, Note_on_c, 63
20882, Note_on_c, 51
20916, Note_on_c, 79
20917, Note_on_c, 63
20917, Note_on_c, 67
20918, Note_on_c, 55
20918, Note_on_c, 61
20924, Note_on_c, 77
20926, Note_on_c, 65
20930, Note_on_c, 39
20935, Note_on_c, 63
20945, Note_on_c, 61
20952, Note_on_c, 67
20953, Note_on_c, 55
20961, Note_on_c, 75
20962, Note_on_c, 63
20968, Note_on_c, 79
21004, Note_on_c, 77
21005, Note_on_c, 65
21006, Note_on_c, 58
21008, Note_on_c, 46
21013, Note_on_c, 75
21014, Note_on_c, 63
21049, Note_on_c, 67
21049, Note_on_c, 79
21055, Note_on_c, 77
21057, Note_on_c, 65
21093, Note_on_c, 58
21095, Note_on_c, 46
21095, Note_on_c, 55
21095, Note_on_c, 61
21128, Note_on_c, 61
21129, Note_on_c, 55
21137, Note_on_c, 75
21139, Note_on_c, 63
21145, Note_on_c, 79
21146, Note_on_c, 67
21182, Note_on_c, 77
21184, Note_on_c, 65
21185, Note_on_c, 51
21187, Note_on_c, 39
21191, Note_on_c, 75
21193, Note_on_c, 63
21275, Note_on_c, 55
21275, Note_on_c, 61
21281, Note_on_c, 77
21282, Note_on_c, 65
21284, Note_on_c, 51
21286, Note_on_c, 39
21301, Note_on_c, 75
21302, Note_on_c, 63
21310, Note_on_c, 55
21310, Note_on_c, 61
21317, Note_on_c, 77
21318, Note_on_c, 65
21334, Note_on_c, 75
21336, Note_on_c, 63
21344, Note_on_c, 79
21345, Note_on_c, 67
21351, Note_on_c, 77
21352, Note_on_c, 65
21360, Note_on_c, 80
21362, Note_on_c, 68
21363, Note_on_c, 44
21363, Note_on_c, 56
21368, Note_on_c, 79
21370, Note_on_c, 67
21395, Note_on_c, 79
21406, Note_on_c, 67
21411, Note_on_c, 80
21412, Note_on_c, 68
21415, Note_on_c, 56
21448, Note_on_c, 80
21451, Note_on_c, 68
21452, Note_on_c, 63
21453, Note_on_c, 56
21453, Note_on_c, 60
21458, Note_on_c, 79
21460, Note_on_c, 67
21462, Note_on_c, 44
21488, Note_on_c, 60
21488, Note_on_c, 63
21489, Note_on_c, 56
21495, Note_on_c, 77
21497, Note_on_c, 65
21503, Note_on_c, 80
21504, Note_on_c, 68
21546, Note_on_c, 46
21587, Note_on_c, 79
21589, Note_on_c, 67
21595, Note_on_c, 77
21596, Note_on_c, 65
21629, Note_on_c, 80
21633, Note_on_c, 58
21633, Note_on_c, 68
21634, Note_on_c, 46
21634, Note_on_c, 56
21634, Note_on_c, 62
21639, Note_on_c, 79
21641, Note_on_c, 67
21659, Note_on_c, 58
21659, Note_on_c, 62
21668, Note_on_c, 56
21714, Note_on_c, 43
21720, Note_on_c, 68
21720, Note_on_c, 82
21722, Note_on_c, 70
21723, Note_on_c, 55
21728, Note_on_c, 80
21746, Note_on_c, 82
21758, Note_on_c, 70
21767, Note_on_c, 81
21768, Note_on_c, 69
21769, Note_on_c, 55
21803, Note_on_c, 69
21803, Note_on_c, 81
21814, Note_on_c, 82
21816, Note_on_c, 61
21816, Note_on_c, 70
21817, Note_on_c, 51
21817, Note_on_c, 55
21818, Note_on_c, 43
21843, Note_on_c, 61
21852, Note_on_c, 55
21853, Note_on_c, 51
21859, Note_on_c, 87
21862, Note_on_c, 67
21862, Note_on_c, 75
21868, Note_on_c, 82
21869, Note_on_c, 70
21911, Note_on_c, 51
21913, Note_on_c, 39
21950, Note_on_c, 85
21957, Note_on_c, 87
21962, Note_on_c, 51
21993, Note_on_c, 75
21993, Note_on_c, 82
21996, Note_on_c, 61
21996, Note_on_c, 63
21997, Note_on_c, 55
22001, Note_on_c, 85
22007, Note_on_c, 39
22030, Note_on_c, 63
22031, Note_on_c, 61
22031, Note_on_c, 55
22036, Note_on_c, 79
22043, Note_on_c, 82
22080, Note_on_c, 87
22082, Note_on_c, 75
22085, Note_on_c, 44
22085, Note_on_c, 56
22089, Note_on_c, 79
22092, Note_on_c, 67
22120, Note_on_c, 56
22126, Note_on_c, 89
22127, Note_on_c, 77
22133, Note_on_c, 87
22135, Note_on_c, 75
22170, Note_on_c, 92
22172, Note_on_c, 80
22176, Note_on_c, 63
22177, Note_on_c, 56
22177, Note_on_c, 60
22179, Note_on_c, 89
22181, Note_on_c, 77
22187, Note_on_c, 44
22202, Note_on_c, 60
22202, Note_on_c, 63
22203, Note_on_c, 56
22217, Note_on_c, 80
22217, Note_on_c, 87
22219, Note_on_c, 75
22225, Note_on_c, 92
22262, Note_on_c, 89
22263, Note_on_c, 77
22267, Note_on_c, 51
22269, Note_on_c, 39
22270, Note_on_c, 87
22272, Note_on_c, 75
22303, Note_on_c, 92
22305, Note_on_c, 77
22306, Note_on_c, 80
22312, Note_on_c, 89
22349, Note_on_c, 87
22351, Note_on_c, 68
22351, Note_on_c, 75
22353, Note_on_c, 63
22356, Note_on_c, 92
22356, Note_on_c, 39
22358, Note_on_c, 80
22364, Note_on_c, 51
22386, Note_on_c, 75
22387, Note_on_c, 68
22388, Note_on_c, 63
22394, Note_on_c, 89
22394, Note_on_c, 77
22400, Note_on_c, 87
22437, Note_on_c, 92
22440, Note_on_c, 80
22445, Note_on_c, 56
22446, Note_on_c, 89
22446, Note_on_c, 44
22449, Note_on_c, 77
22470, Note_on_c, 56
22485, Note_on_c, 87
22488, Note_on_c, 75
22492, Note_on_c, 92
22494, Note_on_c, 80
22529, Note_on_c, 87
22530, Note_on_c, 89
22532, Note_on_c, 77
22537, Note_on_c, 51
22537, Note_on_c, 56
22537, Note_on_c, 60
22541, Note_on_c, 75
22547, Note_on_c, 44
22571, Note_on_c, 51
22571, Note_on_c, 56
22574, Note_on_c, 92
22576, Note_on_c, 80
22582, Note_on_c, 89
22586, Note_on_c, 77
22587, Note_on_c, 60
22626, Note_on_c, 51
22628, Note_on_c, 39
22665, Note_on_c, 77
22671, Note_on_c, 92
22673, Note_on_c, 80
22679, Note_on_c, 51
22711, Note_on_c, 75
22714, Note_on_c, 60
22714, Note_on_c, 63
22715, Note_on_c, 56
22719, Note_on_c, 77
22729, Note_on_c, 39
22748, Note_on_c, 63
22749, Note_on_c, 60
22750, Note_on_c, 56
22754, Note_on_c, 84
22756, Note_on_c, 72
22763, Note_on_c, 75
22800, Note_on_c, 80
22802, Note_on_c, 68
22805, Note_on_c, 53
22807, Note_on_c, 84
22807, Note_on_c, 41
22810, Note_on_c, 72
22843, Note_on_c, 80
22845, Note_on_c, 68
22845, Note_on_c, 82
22847, Note_on_c, 70
22886, Note_on_c, 84
22888, Note_on_c, 72
22890, Note_on_c, 65
22891, Note_on_c, 53
22891, Note_on_c, 60
22893, Note_on_c, 41
22895, Note_on_c, 82
22897, Note_on_c, 70
22922, Note_on_c, 65
22923, Note_on_c, 60
22929, Note_on_c, 80
22930, Note_on_c, 72
22932, Note_on_c, 68
22953, Note_on_c, 84
22968, Note_on_c, 48
22971, Note_on_c, 82
22973, Note_on_c, 70
22975, Note_on_c, 60
22979, Note_on_c, 80
22980, Note_on_c, 68
23013, Note_on_c, 82
23013, Note_on_c, 84
23014, Note_on_c, 70
23015, Note_on_c, 72
23016, Note_on_c, 60
23051, Note_on_c, 56
23055, Note_on_c, 80
23059, Note_on_c, 65
23059, Note_on_c, 68
23060, Note_on_c, 48
23060, Note_on_c, 60
23065, Note_on_c, 84
23066, Note_on_c, 72
23083, Note_on_c, 68
23084, Note_on_c, 65
23085, Note_on_c, 60
23086, Note_on_c, 56
23091, Note_on_c, 82
23093, Note_on_c, 70
23099, Note_on_c, 80
23142, Note_on_c, 84
23143, Note_on_c, 72
23147, Note_on_c, 53
23148, Note_on_c, 41
23151, Note_on_c, 82
23152, Note_on_c, 70
23185, Note_on_c, 80
23186, Note_on_c, 68
23192, Note_on_c, 84
23194, Note_on_c, 72
23227, Note_on_c, 82
23229, Note_on_c, 70
23230, Note_on_c, 60
23230, Note_on_c, 65
23231, Note_on_c, 56
23234, Note_on_c, 80
23235, Note_on_c, 68
23238, Note_on_c, 53
23239, Note_on_c, 41
23260, Note_on_c, 70
23261, Note_on_c, 65
23262, Note_on_c, 60
23262, Note_on_c, 56
23268, Note_on_c, 84
23270, Note_on_c, 72
23276, Note_on_c, 82
23314, Note_on_c, 48
23314, Note_on_c, 60
23347, Note_on_c, 60
23353, Note_on_c, 82
23354, Note_on_c, 70
23360, Note_on_c, 84
23362, Note_on_c, 72
23396, Note_on_c, 80
23398, Note_on_c, 68
23399, Note_on_c, 65
23400, Note_on_c, 48
23400, Note_on_c, 56
23400, Note_on_c, 60
23404, Note_on_c, 82
23405, Note_on_c, 70
23416, Note_on_c, 65
23432, Note_on_c, 68
23435, Note_on_c, 60
23436, Note_on_c, 56
23442, Note_on_c, 77
23444, Note_on_c, 65
23450, Note_on_c, 80
23480, Note_on_c, 58
23482, Note_on_c, 46
23488, Note_on_c, 75
23490, Note_on_c, 63
23496, Note_on_c, 77
23498, Note_on_c, 65
23525, Note_on_c, 58
23525, Note_on_c, 63
23532, Note_on_c, 77
23534, Note_on_c, 65
23540, Note_on_c, 75
23576, Note_on_c, 79
23577, Note_on_c, 67
23578, Note_on_c, 46
23578, Note_on_c, 55
23578, Note_on_c, 61
23579, Note_on_c, 51
23584, Note_on_c, 77
23586, Note_on_c, 65
23603, Note_on_c, 61
23612, Note_on_c, 67
23613, Note_on_c, 55
23614, Note_on_c, 51
23620, Note_on_c, 75
23622, Note_on_c, 63
23628, Note_on_c, 79
23660, Note_on_c, 39
23666, Note_on_c, 77
23666, Note_on_c, 65
23667, Note_on_c, 51
23673, Note_on_c, 75
23674, Note_on_c, 63
23720, Note_on_c, 51
23755, Note_on_c, 79
23756, Note_on_c, 67
23757, Note_on_c, 55
23757, Note_on_c, 63
23758, Note_on_c, 61
23759, Note_on_c, 39
23763, Note_on_c, 77
23765, Note_on_c, 65
23774, Note_on_c, 63
23783, Note_on_c, 67
23792, Note_on_c, 61
23793, Note_on_c, 55
23802, Note_on_c, 75
23803, Note_on_c, 63
23809, Note_on_c, 79
23847, Note_on_c, 77
23848, Note_on_c, 65
23850, Note_on_c, 46
23850, Note_on_c, 58
23856, Note_on_c, 75
23857, Note_on_c, 63
23891, Note_on_c, 79
23892, Note_on_c, 67
23899, Note_on_c, 77
23900, Note_on_c, 65
23937, Note_on_c, 46
23937, Note_on_c, 51
23937, Note_on_c, 55
23937, Note_on_c, 61
23944, Note_on_c, 58
23971, Note_on_c, 61
23972, Note_on_c, 55
23973, Note_on_c, 51
23978, Note_on_c, 79
23980, Note_on_c, 67
23980, Note_on_c, 75
23982, Note_on_c, 63
24026, Note_on_c, 77
24028, Note_on_c, 65
24030, Note_on_c, 51
24031, Note_on_c, 39
24036, Note_on_c, 75
24037, Note_on_c, 63
24075, Note_on_c, 51
24120, Note_on_c, 65
24122, Note_on_c, 55
24122, Note_on_c, 61
24123, Note_on_c, 39
24127, Note_on_c, 77
24147, Note_on_c, 75
24149, Note_on_c, 63
24158, Note_on_c, 55
24158, Note_on_c, 61
24165, Note_on_c, 77
24167, Note_on_c, 65
24182, Note_on_c, 75
24184, Note_on_c, 63
24184, Note_on_c, 79
24191, Note_on_c, 68
24193, Note_on_c, 67
24199, Note_on_c, 77
24200, Note_on_c, 65
24208, Note_on_c, 80
24213, Note_on_c, 44
24213, Note_on_c, 56
24226, Note_on_c, 79
24227, Note_on_c, 67
24244, Note_on_c, 68
24253, Note_on_c, 82
24255, Note_on_c, 70
24262, Note_on_c, 80
24265, Note_on_c, 56
24297, Note_on_c, 82
24299, Note_on_c, 70
24299, Note_on_c, 84
24301, Note_on_c, 72
24303, Note_on_c, 51
24303, Note_on_c, 56
24303, Note_on_c, 60
24304, Note_on_c, 44
24330, Note_on_c, 51
24338, Note_on_c, 60
24344, Note_on_c, 84
24344, Note_on_c, 87
24346, Note_on_c, 56
24346, Note_on_c, 72
24346, Note_on_c, 75
24392, Note_on_c, 84
24393, Note_on_c, 72
24396, Note_on_c, 51
24398, Note_on_c, 39
24399, Note_on_c, 87
24402, Note_on_c, 75
24437, Note_on_c, 87
24440, Note_on_c, 75
24447, Note_on_c, 84
24449, Note_on_c, 72
24453, Note_on_c, 51
24484, Note_on_c, 82
24487, Note_on_c, 70
24488, Note_on_c, 51
24488, Note_on_c, 55
24488, Note_on_c, 61
24492, Note_on_c, 87
24494, Note_on_c, 75
24500, Note_on_c, 39
24524, Note_on_c, 61
24524, Note_on_c, 55
24525, Note_on_c, 51
24573, Note_on_c, 80
24575, Note_on_c, 68
24578, Note_on_c, 60
24578, Note_on_c, 44
24578, Note_on_c, 56
24582, Note_on_c, 82
24583, Note_on_c, 70
24660, Note_on_c, 80
24662, Note_on_c, 68
24664, Note_on_c, 60
24665, Note_on_c, 56
24667, Note_on_c, 44
24751, Note_on_c, 92
24753, Note_on_c, 80
24755, Note_on_c, 72
24756, Note_on_c, 68
24758, Note_on_c, 56
24759, Note_on_c, 44
24816, Note_on_c, 80
24849, Note_on_c, 92
24852, Note_on_c, 68
24852, Note_on_c, 72
24855, Note_on_c, 56
24856, Note_on_c, 44
24861, Note_on_c, 80
24880, Note_on_c, 82
24887, Note_on_c, 80
24914, Note_on_c, 82
24914, Note_on_c, 84
24928, Note_on_c, 49
24929, Note_on_c, 37
24931, Note_on_c, 85
24933, Note_on_c, 77
24939, Note_on_c, 84
24978, Note_on_c, 82
24985, Note_on_c, 85
24986, Note_on_c, 77
25023, Note_on_c, 84
25026, Note_on_c, 65
25027, Note_on_c, 61
25029, Note_on_c, 56
25032, Note_on_c, 82
25038, Note_on_c, 49
25039, Note_on_c, 37
25061, Note_on_c, 65
25063, Note_on_c, 61
25064, Note_on_c, 56
25070, Note_on_c, 80
25078, Note_on_c, 84
25118, Note_on_c, 82
25122, Note_on_c, 56
25123, Note_on_c, 44
25126, Note_on_c, 80
25157, Note_on_c, 56
25163, Note_on_c, 80
25171, Note_on_c, 82
25208, Note_on_c, 77
25211, Note_on_c, 65
25212, Note_on_c, 61
25213, Note_on_c, 56
25216, Note_on_c, 80
25223, Note_on_c, 44
25245, Note_on_c, 65
25247, Note_on_c, 61
25248, Note_on_c, 56
25298, Note_on_c, 80
25301, Note_on_c, 68
25305, Note_on_c, 49
25306, Note_on_c, 37
25309, Note_on_c, 77
25346, Note_on_c, 73
25353, Note_on_c, 80
25355, Note_on_c, 68
25392, Note_on_c, 77
25394, Note_on_c, 65
25394, Note_on_c, 61
25395, Note_on_c, 56
25401, Note_on_c, 73
25405, Note_on_c, 49
25407, Note_on_c, 37
25428, Note_on_c, 65
25429, Note_on_c, 61
25430, Note_on_c, 56
25437, Note_on_c, 82
25440, Note_on_c, 70
25446, Note_on_c, 77
25486, Note_on_c, 58
25488, Note_on_c, 46
25510, Note_on_c, 58
25561, Note_on_c, 58
25564, Note_on_c, 82
25566, Note_on_c, 70
25566, Note_on_c, 73
25566, Note_on_c, 77
25569, Note_on_c, 61
25570, Note_on_c, 46
25570, Note_on_c, 53
25592, Note_on_c, 61
25593, Note_on_c, 58
25594, Note_on_c, 53
25608, Note_on_c, 77
25609, Note_on_c, 73
25653, Note_on_c, 77
25654, Note_on_c, 67
25656, Note_on_c, 58
25658, Note_on_c, 46
25697, Note_on_c, 73
25704, Note_on_c, 77
25705, Note_on_c, 67
25739, Note_on_c, 75
25741, Note_on_c, 51
25741, Note_on_c, 55
25741, Note_on_c, 61
25748, Note_on_c, 73
25749, Note_on_c, 58
25751, Note_on_c, 46
25774, Note_on_c, 61
25775, Note_on_c, 55
25775, Note_on_c, 51
25781, Note_on_c, 67
25781, Note_on_c, 73
25781, Note_on_c, 77
25789, Note_on_c, 75
25813, Note_on_c, 73
25825, Note_on_c, 58
25826, Note_on_c, 46
25864, Note_on_c, 73
25871, Note_on_c, 77
25872, Note_on_c, 67
25896, Note_on_c, 73
25904, Note_on_c, 72
25904, Note_on_c, 75
25906, Note_on_c, 66
25907, Note_on_c, 56
25908, Note_on_c, 44
25915, Note_on_c, 58
25916, Note_on_c, 46
25993, Note_on_c, 65
25994, Note_on_c, 61
25994, Note_on_c, 49
25999, Note_on_c, 75
26000, Note_on_c, 72
26001, Note_on_c, 66
26001, Note_on_c, 73
26002, Note_on_c, 56
26011, Note_on_c, 61
26012, Note_on_c, 49
26013, Note_on_c, 44
26040, Note_on_c, 61
26041, Note_on_c, 49
26046, Note_on_c, 65
26066, Note_on_c, 61
26066, Note_on_c, 63
26067, Note_on_c, 49
26067, Note_on_c, 51
26077, Note_on_c, 53
26083, Note_on_c, 73
26085, Note_on_c, 65
26086, Note_on_c, 51
26092, Note_on_c, 63
26103, Note_on_c, 53
26110, Note_on_c, 65
26112, Note_on_c, 66
26114, Note_on_c, 54
26114, Note_on_c, 56
26129, Note_on_c, 68
26137, Note_on_c, 66
26138, Note_on_c, 54
26138, Note_on_c, 56
26147, Note_on_c, 58
26153, Note_on_c, 68
26156, Note_on_c, 70
26173, Note_on_c, 72
26175, Note_on_c, 60
26182, Note_on_c, 70
26183, Note_on_c, 58
26192, Note_on_c, 61
26199, Note_on_c, 72
26200, Note_on_c, 73
26201, Note_on_c, 60
26217, Note_on_c, 75
26218, Note_on_c, 61
26219, Note_on_c, 63
26226, Note_on_c, 73
26244, Note_on_c, 75
26244, Note_on_c, 77
26245, Note_on_c, 63
26246, Note_on_c, 65
26263, Note_on_c, 78
26265, Note_on_c, 66
26272, Note_on_c, 77
26273, Note_on_c, 65
26290, Note_on_c, 78
26290, Note_on_c, 80
26291, Note_on_c, 66
26292, Note_on_c, 68
26309, Note_on_c, 82
26311, Note_on_c, 70
26318, Note_on_c, 80
26319, Note_on_c, 68
26330, Note_on_c, 72
26336, Note_on_c, 82
26337, Note_on_c, 70
26338, Note_on_c, 84
26356, Note_on_c, 72
26356, Note_on_c, 77
26356, Note_on_c, 85
26359, Note_on_c, 61
26360, Note_on_c, 49
26365, Note_on_c, 84
26403, Note_on_c, 82
26404, Note_on_c, 61
26411, Note_on_c, 85
26412, Note_on_c, 77
26450, Note_on_c, 84
26452, Note_on_c, 65
26453, Note_on_c, 61
26454, Note_on_c, 56
26459, Note_on_c, 82
26463, Note_on_c, 49
26488, Note_on_c, 65
26489, Note_on_c, 61
26490, Note_on_c, 56
26497, Note_on_c, 80
26504, Note_on_c, 84
26542, Note_on_c, 82
26546, Note_on_c, 56
26546, Note_on_c, 44
26549, Note_on_c, 80
26587, Note_on_c, 80
26594, Note_on_c, 82
26598, Note_on_c, 56
26634, Note_on_c, 77
26636, Note_on_c, 68
26637, Note_on_c, 61
26637, Note_on_c, 65
26642, Note_on_c, 80
26648, Note_on_c, 44
26673, Note_on_c, 68
26673, Note_on_c, 65
26674, Note_on_c, 61
26731, Note_on_c, 80
26733, Note_on_c, 68
26735, Note_on_c, 61
26736, Note_on_c, 49
26740, Note_on_c, 77
26778, Note_on_c, 68
26780, Note_on_c, 61
26780, Note_on_c, 73
26786, Note_on_c, 80
26819, Note_on_c, 49
26819, Note_on_c, 56
26819, Note_on_c, 61
26826, Note_on_c, 73
26826, Note_on_c, 77
26828, Note_on_c, 65
26861, Note_on_c, 65
26862, Note_on_c, 61
26864, Note_on_c, 56
26871, Note_on_c, 82
26873, Note_on_c, 70
26880, Note_on_c, 77
26911, Note_on_c, 56
26921, Note_on_c, 44
26965, Note_on_c, 56
27010, Note_on_c, 70
27010, Note_on_c, 77
27011, Note_on_c, 68
27011, Note_on_c, 73
27012, Note_on_c, 61
27012, Note_on_c, 65
27014, Note_on_c, 44
27019, Note_on_c, 82
27049, Note_on_c, 68
27049, Note_on_c, 65
27050, Note_on_c, 61
27094, Note_on_c, 77
27095, Note_on_c, 73
27103, Note_on_c, 84
27104, Note_on_c, 79
27105, Note_on_c, 72
27107, Note_on_c, 58
27108, Note_on_c, 46
27140, Note_on_c, 79
27192, Note_on_c, 82
27193, Note_on_c, 79
27194, Note_on_c, 70
27194, Note_on_c, 63
27195, Note_on_c, 55
27195, Note_on_c, 61
27200, Note_on_c, 84
27201, Note_on_c, 72
27204, Note_on_c, 58
27205, Note_on_c, 46
27229, Note_on_c, 55
27229, Note_on_c, 61
27241, Note_on_c, 63
27243, Note_on_c, 79
27281, Note_on_c, 84
27282, Note_on_c, 72
27284, Note_on_c, 51
27286, Note_on_c, 39
27289, Note_on_c, 82
27290, Note_on_c, 70
27326, Note_on_c, 82
27327, Note_on_c, 79
27329, Note_on_c, 70
27335, Note_on_c, 84
27338, Note_on_c, 72
27367, Note_on_c, 51
27369, Note_on_c, 39
27376, Note_on_c, 67
27377, Note_on_c, 61
27377, Note_on_c, 63
27404, Note_on_c, 61
27411, Note_on_c, 67
27412, Note_on_c, 63
27459, Note_on_c, 56
27460, Note_on_c, 44
27464, Note_on_c, 87
27466, Note_on_c, 75
27466, Note_on_c, 78
27467, Note_on_c, 68
27474, Note_on_c, 79
27474, Note_on_c, 82
27475, Note_on_c, 70
27555, Note_on_c, 69
27558, Note_on_c, 57
27560, Note_on_c, 45
27564, Note_on_c, 68
27567, Note_on_c, 56
27569, Note_on_c, 44
27602, Note_on_c, 70
27603, Note_on_c, 58
27605, Note_on_c, 46
27610, Note_on_c, 69
27612, Note_on_c, 57
27614, Note_on_c, 45
27697, Note_on_c, 71
27698, Note_on_c, 59
27701, Note_on_c, 47
27705, Note_on_c, 70
27708, Note_on_c, 58
27710, Note_on_c, 46
27745, Note_on_c, 72
27747, Note_on_c, 48
27747, Note_on_c, 60
27753, Note_on_c, 71
27755, Note_on_c, 59
27757, Note_on_c, 47
27772, Note_on_c, 80
27792, Note_on_c, 82
27809, Note_on_c, 80
27818, Note_on_c, 84
27826, Note_on_c, 82
27836, Note_on_c, 77
27836, Note_on_c, 85
27841, Note_on_c, 49
27842, Note_on_c, 37
27843, Note_on_c, 87
27844, Note_on_c, 84
27845, Note_on_c, 75
27845, Note_on_c, 78
27845, Note_on_c, 72
27848, Note_on_c, 60
27849, Note_on_c, 48
27882, Note_on_c, 82
27889, Note_on_c, 85
27890, Note_on_c, 77
27928, Note_on_c, 84
27931, Note_on_c, 61
27931, Note_on_c, 65
27933, Note_on_c, 56
27937, Note_on_c, 82
27942, Note_on_c, 49
27943, Note_on_c, 37
27966, Note_on_c, 65
27967, Note_on_c, 56
27967, Note_on_c, 61
27975, Note_on_c, 80
27983, Note_on_c, 84
28022, Note_on_c, 82
28027, Note_on_c, 56
28028, Note_on_c, 44
28031, Note_on_c, 80
28068, Note_on_c, 82
28069, Note_on_c, 80
28073, Note_on_c, 56
28105, Note_on_c, 80
28110, Note_on_c, 44
28116, Note_on_c, 77
28117, Note_on_c, 68
28118, Note_on_c, 65
28119, Note_on_c, 61
28142, Note_on_c, 68
28144, Note_on_c, 61
28152, Note_on_c, 65
28202, Note_on_c, 80
28203, Note_on_c, 68
28206, Note_on_c, 37
28206, Note_on_c, 49
28210, Note_on_c, 77
28238, Note_on_c, 73
28245, Note_on_c, 80
28246, Note_on_c, 68
28290, Note_on_c, 77
28291, Note_on_c, 65
28292, Note_on_c, 61
28293, Note_on_c, 56
28294, Note_on_c, 37
28298, Note_on_c, 73
28301, Note_on_c, 49
28325, Note_on_c, 65
28325, Note_on_c, 61
28326, Note_on_c, 56
28334, Note_on_c, 82
28335, Note_on_c, 70
28342, Note_on_c, 77
28380, Note_on_c, 58
28381, Note_on_c, 46
28430, Note_on_c, 58
28463, Note_on_c, 77
28465, Note_on_c, 73
28466, Note_on_c, 58
28466, Note_on_c, 61
28471, Note_on_c, 82
28472, Note_on_c, 70
28475, Note_on_c, 46
28507, Note_on_c, 73
28508, Note_on_c, 61
28508, Note_on_c, 58
28514, Note_on_c, 77
28550, Note_on_c, 77
28551, Note_on_c, 58
28551, Note_on_c, 67
28551, Note_on_c, 73
28553, Note_on_c, 46
28568, Note_on_c, 73
28595, Note_on_c, 73
28602, Note_on_c, 77
28603, Note_on_c, 58
28604, Note_on_c, 67
28637, Note_on_c, 73
28638, Note_on_c, 75
28640, Note_on_c, 46
28640, Note_on_c, 51
28640, Note_on_c, 55
28640, Note_on_c, 61
28674, Note_on_c, 61
28675, Note_on_c, 55
28675, Note_on_c, 51
28682, Note_on_c, 77
28683, Note_on_c, 67
28683, Note_on_c, 73
28690, Note_on_c, 75
28720, Note_on_c, 58
28721, Note_on_c, 46
28737, Note_on_c, 73
28775, Note_on_c, 73
28781, Note_on_c, 77
28782, Note_on_c, 67
28818, Note_on_c, 72
28818, Note_on_c, 75
28820, Note_on_c, 66
28821, Note_on_c, 44
28821, Note_on_c, 56
28827, Note_on_c, 73
28828, Note_on_c, 58
28829, Note_on_c, 46
28898, Note_on_c, 72
28898, Note_on_c, 75
28898, Note_on_c, 66
28908, Note_on_c, 65
28908, Note_on_c, 73
28909, Note_on_c, 61
28910, Note_on_c, 49
28917, Note_on_c, 56
28919, Note_on_c, 44
28992, Note_on_c, 61
28994, Note_on_c, 49
29003, Note_on_c, 48
29003, Note_on_c, 60
29079, Note_on_c, 60
29099, Note_on_c, 58
29100, Note_on_c, 46
29108, Note_on_c, 48
29162, Note_on_c, 58
29191, Note_on_c, 56
29192, Note_on_c, 44
29200, Note_on_c, 46
29284, Note_on_c, 58
29285, Note_on_c, 46
29291, Note_on_c, 73
29292, Note_on_c, 65
29294, Note_on_c, 56
29295, Note_on_c, 44
29425, Note_on_c, 48
29431, Note_on_c, 58
29433, Note_on_c, 46
29433, Note_on_c, 60
29480, Note_on_c, 61
29481, Note_on_c, 49
29488, Note_on_c, 60
29489, Note_on_c, 48
29571, Note_on_c, 63
29572, Note_on_c, 51
29579, Note_on_c, 61
29582, Note_on_c, 49
29666, Note_on_c, 52
29666, Note_on_c, 64
29672, Note_on_c, 63
29674, Note_on_c, 51
29711, Note_on_c, 65
29713, Note_on_c, 53
29719, Note_on_c, 64
29720, Note_on_c, 52
29803, Note_on_c, 61
29804, Note_on_c, 49
29810, Note_on_c, 65
29812, Note_on_c, 53
29848, Note_on_c, 58
29849, Note_on_c, 46
29856, Note_on_c, 61
29858, Note_on_c, 49
29936, Note_on_c, 73
29939, Note_on_c, 46
29939, Note_on_c, 61
29947, Note_on_c, 58
29973, Note_on_c, 75
29976, Note_on_c, 63
29982, Note_on_c, 73
29983, Note_on_c, 61
30025, Note_on_c, 44
30025, Note_on_c, 56
30029, Note_on_c, 77
30031, Note_on_c, 63
30031, Note_on_c, 68
30031, Note_on_c, 73
30039, Note_on_c, 75
30067, Note_on_c, 73
30123, Note_on_c, 68
30124, Note_on_c, 67
30124, Note_on_c, 76
30125, Note_on_c, 56
30125, Note_on_c, 73
30126, Note_on_c, 57
30127, Note_on_c, 44
30128, Note_on_c, 45
30131, Note_on_c, 77
30170, Note_on_c, 73
30218, Note_on_c, 77
30219, Note_on_c, 68
30219, Note_on_c, 73
30221, Note_on_c, 56
30222, Note_on_c, 44
30227, Note_on_c, 76
30229, Note_on_c, 67
30230, Note_on_c, 45
30230, Note_on_c, 57
30237, Note_on_c, 73
30267, Note_on_c, 73
30275, Note_on_c, 77
30275, Note_on_c, 68
30278, Note_on_c, 56
30280, Note_on_c, 44
30316, Note_on_c, 72
30316, Note_on_c, 75
30317, Note_on_c, 66
30319, Note_on_c, 56
30320, Note_on_c, 44
30325, Note_on_c, 73
30414, Note_on_c, 73
30415, Note_on_c, 65
30416, Note_on_c, 61
30417, Note_on_c, 49
30422, Note_on_c, 75
30423, Note_on_c, 72
30424, Note_on_c, 66
30426, Note_on_c, 56
30427, Note_on_c, 44
30513, Note_on_c, 44
30513, Note_on_c, 56
30518, Note_on_c, 73
30519, Note_on_c, 65
30520, Note_on_c, 61
30522, Note_on_c, 49
30602, Note_on_c, 77
30602, Note_on_c, 85
30604, Note_on_c, 73
30606, Note_on_c, 49
30607, Note_on_c, 37
30614, Note_on_c, 56
30616, Note_on_c, 44
30696, Note_on_c, 77
30697, Note_on_c, 73
30699, Note_on_c, 49
30701, Note_on_c, 37
30703, Note_on_c, 85
30723, Note_on_c, 80
30744, Note_on_c, 82
30762, Note_on_c, 80
30772, Note_on_c, 84
30779, Note_on_c, 82
30785, Note_on_c, 49
30787, Note_on_c, 37
30790, Note_on_c, 84
30790, Note_on_c, 85
30792, Note_on_c, 77
30827, Note_on_c, 82
30834, Note_on_c, 85
30843, Note_on_c, 77
30874, Note_on_c, 56
30874, Note_on_c, 61
30875, Note_on_c, 37
30878, Note_on_c, 82
30880, Note_on_c, 84
30882, Note_on_c, 65
30883, Note_on_c, 49
30915, Note_on_c, 65
30916, Note_on_c, 61
30917, Note_on_c, 56
30924, Note_on_c, 80
30931, Note_on_c, 84
30970, Note_on_c, 82
30972, Note_on_c, 56
30973, Note_on_c, 44
30978, Note_on_c, 80
31009, Note_on_c, 56
31015, Note_on_c, 80
31024, Note_on_c, 82
31062, Note_on_c, 77
31063, Note_on_c, 65
31065, Note_on_c, 44
31065, Note_on_c, 56
31065, Note_on_c, 61
31071, Note_on_c, 80
31099, Note_on_c, 65
31101, Note_on_c, 56
31101, Note_on_c, 61
31149, Note_on_c, 37
31154, Note_on_c, 80
31156, Note_on_c, 68
31159, Note_on_c, 49
31164, Note_on_c, 77
31200, Note_on_c, 73
31206, Note_on_c, 80
31207, Note_on_c, 68
31243, Note_on_c, 73
31243, Note_on_c, 77
31244, Note_on_c, 65
31245, Note_on_c, 49
31246, Note_on_c, 37
31246, Note_on_c, 56
31246, Note_on_c, 61
31279, Note_on_c, 65
31280, Note_on_c, 61
31280, Note_on_c, 56
31288, Note_on_c, 82
31289, Note_on_c, 70
31296, Note_on_c, 77
31325, Note_on_c, 58
31326, Note_on_c, 46
31361, Note_on_c, 58
31422, Note_on_c, 77
31423, Note_on_c, 73
31424, Note_on_c, 46
31424, Note_on_c, 58
31425, Note_on_c, 53
31425, Note_on_c, 61
31431, Note_on_c, 82
31432, Note_on_c, 70
31451, Note_on_c, 58
31451, Note_on_c, 61
31452, Note_on_c, 53
31467, Note_on_c, 73
31467, Note_on_c, 77
31514, Note_on_c, 77
31514, Note_on_c, 67
31515, Note_on_c, 58
31517, Note_on_c, 46
31559, Note_on_c, 73
31566, Note_on_c, 77
31567, Note_on_c, 67
31603, Note_on_c, 75
31604, Note_on_c, 51
31604, Note_on_c, 61
31605, Note_on_c, 55
31610, Note_on_c, 73
31613, Note_on_c, 46
31613, Note_on_c, 58
31640, Note_on_c, 61
31641, Note_on_c, 55
31642, Note_on_c, 51
31649, Note_on_c, 67
31649, Note_on_c, 77
31650, Note_on_c, 73
31657, Note_on_c, 75
31697, Note_on_c, 58
31698, Note_on_c, 46
31705, Note_on_c, 73
31743, Note_on_c, 73
31750, Note_on_c, 77
31751, Note_on_c, 67
31789, Note_on_c, 73
31789, Note_on_c, 72
31789, Note_on_c, 75
31790, Note_on_c, 66
31791, Note_on_c, 46
31793, Note_on_c, 44
31793, Note_on_c, 56
31800, Note_on_c, 58
31884, Note_on_c, 65
31884, Note_on_c, 73
31885, Note_on_c, 61
31886, Note_on_c, 49
31892, Note_on_c, 75
31893, Note_on_c, 66
31893, Note_on_c, 72
31895, Note_on_c, 56
31897, Note_on_c, 44
31903, Note_on_c, 61
31904, Note_on_c, 49
31933, Note_on_c, 61
31934, Note_on_c, 49
31941, Note_on_c, 65
31961, Note_on_c, 61
31962, Note_on_c, 63
31963, Note_on_c, 49
31963, Note_on_c, 51
31979, Note_on_c, 73
31982, Note_on_c, 65
31984, Note_on_c, 53
31991, Note_on_c, 63
31992, Note_on_c, 51
32010, Note_on_c, 65
32011, Note_on_c, 66
32012, Note_on_c, 53
32014, Note_on_c, 54
32031, Note_on_c, 68
32034, Note_on_c, 56
32040, Note_on_c, 66
32042, Note_on_c, 54
32059, Note_on_c, 68
32062, Note_on_c, 56
32062, Note_on_c, 70
32063, Note_on_c, 58
32081, Note_on_c, 72
32084, Note_on_c, 60
32090, Note_on_c, 70
32091, Note_on_c, 58
32111, Note_on_c, 72
32112, Note_on_c, 60
32112, Note_on_c, 73
32113, Note_on_c, 61
32131, Note_on_c, 61
32131, Note_on_c, 75
32133, Note_on_c, 63
32139, Note_on_c, 73
32159, Note_on_c, 75
32159, Note_on_c, 77
32160, Note_on_c, 63
32162, Note_on_c, 65
32179, Note_on_c, 78
32180, Note_on_c, 66
32186, Note_on_c, 77
32187, Note_on_c, 65
32195, Note_on_c, 78
32204, Note_on_c, 80
32206, Note_on_c, 66
32207, Note_on_c, 68
32216, Note_on_c, 70
32222, Note_on_c, 80
32224, Note_on_c, 82
32225, Note_on_c, 68
32250, Note_on_c, 82
32251, Note_on_c, 70
32252, Note_on_c, 72
32252, Note_on_c, 84
32269, Note_on_c, 85
32270, Note_on_c, 77
32273, Note_on_c, 61
32274, Note_on_c, 49
32278, Note_on_c, 84
32280, Note_on_c, 72
32316, Note_on_c, 82
32323, Note_on_c, 85
32324, Note_on_c, 77
32327, Note_on_c, 61
32362, Note_on_c, 84
32364, Note_on_c, 65
32365, Note_on_c, 49
32365, Note_on_c, 61
32366, Note_on_c, 56
32370, Note_on_c, 82
32401, Note_on_c, 65
32402, Note_on_c, 61
32402, Note_on_c, 56
32409, Note_on_c, 80
32418, Note_on_c, 84
32452, Note_on_c, 44
32457, Note_on_c, 82
32461, Note_on_c, 56
32466, Note_on_c, 80
32503, Note_on_c, 80
32507, Note_on_c, 56
32513, Note_on_c, 82
32550, Note_on_c, 77
32552, Note_on_c, 65
32552, Note_on_c, 68
32553, Note_on_c, 61
32555, Note_on_c, 44
32559, Note_on_c, 80
32587, Note_on_c, 68
32588, Note_on_c, 65
32588, Note_on_c, 61
32637, Note_on_c, 49
32642, Note_on_c, 80
32644, Note_on_c, 68
32645, Note_on_c, 61
32651, Note_on_c, 77
32690, Note_on_c, 68
32690, Note_on_c, 73
32691, Note_on_c, 61
32697, Note_on_c, 80
32732, Note_on_c, 65
32733, Note_on_c, 49
32733, Note_on_c, 56
32733, Note_on_c, 61
32739, Note_on_c, 73
32739, Note_on_c, 77
32769, Note_on_c, 65
32770, Note_on_c, 61
32771, Note_on_c, 56
32788, Note_on_c, 82
32790, Note_on_c, 70
32797, Note_on_c, 77
32820, Note_on_c, 44
32840, Note_on_c, 56
32894, Note_on_c, 56
32930, Note_on_c, 77
32931, Note_on_c, 68
32931, Note_on_c, 73
32932, Note_on_c, 61
32932, Note_on_c, 65
32937, Note_on_c, 82
32939, Note_on_c, 70
32944, Note_on_c, 44
32967, Note_on_c, 68
32968, Note_on_c, 65
32969, Note_on_c, 61
33024, Note_on_c, 84
33025, Note_on_c, 72
33025, Note_on_c, 79
33027, Note_on_c, 58
33029, Note_on_c, 46
33033, Note_on_c, 73
33033, Note_on_c, 77
33071, Note_on_c, 79
33120, Note_on_c, 79
33120, Note_on_c, 82
33122, Note_on_c, 70
33122, Note_on_c, 61
33122, Note_on_c, 63
33123, Note_on_c, 46
33123, Note_on_c, 55
33127, Note_on_c, 84
33129, Note_on_c, 72
33132, Note_on_c, 58
33159, Note_on_c, 63
33159, Note_on_c, 61
33160, Note_on_c, 55
33176, Note_on_c, 79
33214, Note_on_c, 84
33215, Note_on_c, 72
33215, Note_on_c, 79
33218, Note_on_c, 51
33220, Note_on_c, 39
33222, Note_on_c, 82
33224, Note_on_c, 70
33232, Note_on_c, 79
33261, Note_on_c, 79
33262, Note_on_c, 70
33262, Note_on_c, 82
33268, Note_on_c, 84
33270, Note_on_c, 72
33307, Note_on_c, 67
33308, Note_on_c, 63
33309, Note_on_c, 61
33317, Note_on_c, 51
33319, Note_on_c, 39
33342, Note_on_c, 67
33343, Note_on_c, 61
33343, Note_on_c, 63
33396, Note_on_c, 87
33397, Note_on_c, 70
33397, Note_on_c, 78
33398, Note_on_c, 75
33400, Note_on_c, 68
33402, Note_on_c, 44
33402, Note_on_c, 56
33406, Note_on_c, 82
33406, Note_on_c, 79
33485, Note_on_c, 45
33485, Note_on_c, 57
33491, Note_on_c, 68
33492, Note_on_c, 69
33494, Note_on_c, 56
33495, Note_on_c, 44
33537, Note_on_c, 70
33539, Note_on_c, 58
33541, Note_on_c, 46
33546, Note_on_c, 69
33549, Note_on_c, 57
33549, Note_on_c, 45
33626, Note_on_c, 71
33628, Note_on_c, 59
33629, Note_on_c, 47
33634, Note_on_c, 70
33636, Note_on_c, 58
33637, Note_on_c, 46
33670, Note_on_c, 71
33670, Note_on_c, 72
33672, Note_on_c, 59
33673, Note_on_c, 48
33673, Note_on_c, 60
33674, Note_on_c, 47
33688, Note_on_c, 80
33706, Note_on_c, 82
33723, Note_on_c, 80
33732, Note_on_c, 84
33741, Note_on_c, 82
33758, Note_on_c, 77
33758, Note_on_c, 85
33763, Note_on_c, 37
33763, Note_on_c, 49
33768, Note_on_c, 84
33768, Note_on_c, 78
33769, Note_on_c, 72
33769, Note_on_c, 87
33769, Note_on_c, 75
33770, Note_on_c, 60
33770, Note_on_c, 48
33805, Note_on_c, 82
33812, Note_on_c, 85
33813, Note_on_c, 77
33849, Note_on_c, 84
33851, Note_on_c, 65
33852, Note_on_c, 61
33853, Note_on_c, 56
33858, Note_on_c, 82
33862, Note_on_c, 37
33862, Note_on_c, 49
33885, Note_on_c, 65
33887, Note_on_c, 56
33887, Note_on_c, 61
33893, Note_on_c, 84
33893, Note_on_c, 80
33938, Note_on_c, 82
33940, Note_on_c, 44
33940, Note_on_c, 56
33945, Note_on_c, 80
33981, Note_on_c, 82
33982, Note_on_c, 80
33984, Note_on_c, 56
34027, Note_on_c, 77
34028, Note_on_c, 68
34029, Note_on_c, 61
34029, Note_on_c, 65
34030, Note_on_c, 44
34035, Note_on_c, 80
34055, Note_on_c, 68
34056, Note_on_c, 65
34057, Note_on_c, 61
34111, Note_on_c, 49
34119, Note_on_c, 80
34121, Note_on_c, 68
34125, Note_on_c, 37
34130, Note_on_c, 77
34168, Note_on_c, 73
34176, Note_on_c, 80
34177, Note_on_c, 68
34213, Note_on_c, 77
34215, Note_on_c, 65
34216, Note_on_c, 49
34216, Note_on_c, 56
34216, Note_on_c, 61
34217, Note_on_c, 37
34223, Note_on_c, 73
34250, Note_on_c, 65
34251, Note_on_c, 61
34252, Note_on_c, 56
34260, Note_on_c, 82
34261, Note_on_c, 70
34269, Note_on_c, 77
34301, Note_on_c, 46
34309, Note_on_c, 58
34354, Note_on_c, 58
34401, Note_on_c, 77
34402, Note_on_c, 73
34403, Note_on_c, 58
34404, Note_on_c, 46
34404, Note_on_c, 61
34411, Note_on_c, 82
34412, Note_on_c, 70
34442, Note_on_c, 58
34442, Note_on_c, 61
34450, Note_on_c, 77
34451, Note_on_c, 73
34501, Note_on_c, 77
34502, Note_on_c, 67
34503, Note_on_c, 58
34503, Note_on_c, 73
34505, Note_on_c, 46
34521, Note_on_c, 73
34548, Note_on_c, 77
34549, Note_on_c, 67
34550, Note_on_c, 58
34550, Note_on_c, 73
34596, Note_on_c, 75
34599, Note_on_c, 46
34599, Note_on_c, 51
34599, Note_on_c, 55
34599, Note_on_c, 61
34606, Note_on_c, 73
34635, Note_on_c, 55
34635, Note_on_c, 61
34635, Note_on_c, 51
34643, Note_on_c, 77
34644, Note_on_c, 73
34645, Note_on_c, 67
34653, Note_on_c, 75
34684, Note_on_c, 58
34685, Note_on_c, 46
34700, Note_on_c, 73
34740, Note_on_c, 73
34748, Note_on_c, 77
34749, Note_on_c, 67
34786, Note_on_c, 72
34786, Note_on_c, 75
34787, Note_on_c, 66
34788, Note_on_c, 46
34789, Note_on_c, 56
34790, Note_on_c, 44
34796, Note_on_c, 73
34798, Note_on_c, 58
34882, Note_on_c, 65
34882, Note_on_c, 73
34884, Note_on_c, 61
34885, Note_on_c, 49
34890, Note_on_c, 75
34891, Note_on_c, 72
34892, Note_on_c, 66
34893, Note_on_c, 56
34894, Note_on_c, 44
34965, Note_on_c, 61
34975, Note_on_c, 48
34975, Note_on_c, 60
34984, Note_on_c, 49
35057, Note_on_c, 60
35067, Note_on_c, 58
35068, Note_on_c, 46
35076, Note_on_c, 48
35141, Note_on_c, 58
35162, Note_on_c, 56
35163, Note_on_c, 44
35171, Note_on_c, 46
35247, Note_on_c, 58
35249, Note_on_c, 46
35255, Note_on_c, 65
35257, Note_on_c, 56
35258, Note_on_c, 44
35264, Note_on_c, 73
35398, Note_on_c, 58
35399, Note_on_c, 46
35399, Note_on_c, 60
35400, Note_on_c, 48
35446, Note_on_c, 61
35449, Note_on_c, 49
35456, Note_on_c, 60
35457, Note_on_c, 48
35542, Note_on_c, 61
35544, Note_on_c, 49
35544, Note_on_c, 51
35544, Note_on_c, 63
35637, Note_on_c, 52
35637, Note_on_c, 64
35644, Note_on_c, 63
35646, Note_on_c, 51
35683, Note_on_c, 65
35687, Note_on_c, 53
35692, Note_on_c, 64
35694, Note_on_c, 52
35781, Note_on_c, 61
35783, Note_on_c, 49
35788, Note_on_c, 65
35791, Note_on_c, 53
35830, Note_on_c, 58
35832, Note_on_c, 46
35838, Note_on_c, 61
35840, Note_on_c, 49
35923, Note_on_c, 73
35926, Note_on_c, 46
35926, Note_on_c, 61
35933, Note_on_c, 58
35959, Note_on_c, 75
35960, Note_on_c, 61
35961, Note_on_c, 63
35969, Note_on_c, 73
36010, Note_on_c, 56
36011, Note_on_c, 44
36015, Note_on_c, 75
36015, Note_on_c, 77
36017, Note_on_c, 63
36017, Note_on_c, 73
36018, Note_on_c, 68
36052, Note_on_c, 73
36109, Note_on_c, 76
36110, Note_on_c, 67
36110, Note_on_c, 73
36112, Note_on_c, 56
36112, Note_on_c, 57
36114, Note_on_c, 44
36114, Note_on_c, 45
36118, Note_on_c, 68
36118, Note_on_c, 77
36146, Note_on_c, 73
36194, Note_on_c, 76
36203, Note_on_c, 67
36203, Note_on_c, 77
36205, Note_on_c, 68
36205, Note_on_c, 73
36206, Note_on_c, 57
36207, Note_on_c, 45
36207, Note_on_c, 56
36208, Note_on_c, 44
36222, Note_on_c, 73
36251, Note_on_c, 73
36252, Note_on_c, 56
36254, Note_on_c, 44
36258, Note_on_c, 77
36259, Note_on_c, 68
36296, Note_on_c, 72
36296, Note_on_c, 75
36297, Note_on_c, 66
36298, Note_on_c, 56
36299, Note_on_c, 44
36305, Note_on_c, 73
36382, Note_on_c, 73
36384, Note_on_c, 61
36384, Note_on_c, 65
36385, Note_on_c, 49
36390, Note_on_c, 72
36390, Note_on_c, 75
36391, Note_on_c, 66
36392, Note_on_c, 56
36394, Note_on_c, 44
36466, Note_on_c, 60
36472, Note_on_c, 48
36479, Note_on_c, 65
36479, Note_on_c, 73
36480, Note_on_c, 61
36482, Note_on_c, 49
36542, Note_on_c, 60
36562, Note_on_c, 58
36563, Note_on_c, 46
36571, Note_on_c, 48
36642, Note_on_c, 45
36650, Note_on_c, 46
36650, Note_on_c, 57
36658, Note_on_c, 58
36739, Note_on_c, 45
36739, Note_on_c, 56
36740, Note_on_c, 44
36747, Note_on_c, 57
36833, Note_on_c, 57
36834, Note_on_c, 45
36842, Note_on_c, 56
36843, Note_on_c, 44
36881, Note_on_c, 58
36882, Note_on_c, 46
36890, Note_on_c, 57
36890, Note_on_c, 45
36974, Note_on_c, 59
36975, Note_on_c, 47
36983, Note_on_c, 58
36984, Note_on_c, 46
37021, Note_on_c, 60
37022, Note_on_c, 48
37030, Note_on_c, 59
37031, Note_on_c, 47
37113, Note_on_c, 73
37116, Note_on_c, 61
37117, Note_on_c, 49
37125, Note_on_c, 60
37126, Note_on_c, 48
37163, Note_on_c, 61
37202, Note_on_c, 56
37209, Note_on_c, 82
37211, Note_on_c, 65
37212, Note_on_c, 61
37219, Note_on_c, 73
37222, Note_on_c, 49
37238, Note_on_c, 61
37246, Note_on_c, 65
37248, Note_on_c, 56
37251, Note_on_c, 73
37255, Note_on_c, 77
37255, Note_on_c, 80
37264, Note_on_c, 82
37305, Note_on_c, 44
37305, Note_on_c, 56
37339, Note_on_c, 56
37346, Note_on_c, 73
37346, Note_on_c, 82
37354, Note_on_c, 80
37354, Note_on_c, 77
37392, Note_on_c, 80
37394, Note_on_c, 65
37395, Note_on_c, 61
37396, Note_on_c, 56
37400, Note_on_c, 82
37405, Note_on_c, 44
37429, Note_on_c, 65
37430, Note_on_c, 61
37431, Note_on_c, 56
37487, Note_on_c, 72
37489, Note_on_c, 51
37490, Note_on_c, 39
37492, Note_on_c, 80
37571, Note_on_c, 56
37580, Note_on_c, 82
37583, Note_on_c, 66
37585, Note_on_c, 60
37590, Note_on_c, 72
37593, Note_on_c, 51
37595, Note_on_c, 39
37618, Note_on_c, 82
37621, Note_on_c, 66
37621, Note_on_c, 60
37622, Note_on_c, 56
37629, Note_on_c, 80
37630, Note_on_c, 78
37631, Note_on_c, 72
37681, Note_on_c, 44
37681, Note_on_c, 56
37711, Note_on_c, 80
37712, Note_on_c, 78
37713, Note_on_c, 72
37715, Note_on_c, 56
37723, Note_on_c, 82
37760, Note_on_c, 82
37769, Note_on_c, 80
37770, Note_on_c, 78
37771, Note_on_c, 72
37772, Note_on_c, 66
37773, Note_on_c, 60
37774, Note_on_c, 56
37783, Note_on_c, 44
37807, Note_on_c, 66
37808, Note_on_c, 60
37808, Note_on_c, 56
37862, Note_on_c, 80
37863, Note_on_c, 78
37863, Note_on_c, 72
37864, Note_on_c, 73
37868, Note_on_c, 49
37871, Note_on_c, 37
37954, Note_on_c, 56
37955, Note_on_c, 37
37959, Note_on_c, 82
37960, Note_on_c, 73
37961, Note_on_c, 65
37963, Note_on_c, 49
37963, Note_on_c, 61
37989, Note_on_c, 61
37990, Note_on_c, 56
37995, Note_on_c, 82
37996, Note_on_c, 65
38004, Note_on_c, 80
38005, Note_on_c, 77
38006, Note_on_c, 73
38044, Note_on_c, 56
38045, Note_on_c, 44
38077, Note_on_c, 77
38078, Note_on_c, 73
38086, Note_on_c, 80
38096, Note_on_c, 82
38109, Note_on_c, 56
38133, Note_on_c, 82
38142, Note_on_c, 80
38143, Note_on_c, 77
38144, Note_on_c, 73
38145, Note_on_c, 65
38146, Note_on_c, 61
38148, Note_on_c, 56
38158, Note_on_c, 44
38181, Note_on_c, 65
38183, Note_on_c, 61
38184, Note_on_c, 56
38244, Note_on_c, 44
38244, Note_on_c, 56
38248, Note_on_c, 80
38248, Note_on_c, 77
38249, Note_on_c, 73
38337, Note_on_c, 57
38339, Note_on_c, 45
38347, Note_on_c, 56
38349, Note_on_c, 44
38385, Note_on_c, 58
38386, Note_on_c, 46
38394, Note_on_c, 57
38395, Note_on_c, 45
38480, Note_on_c, 59
38482, Note_on_c, 47
38489, Note_on_c, 58
38491, Note_on_c, 46
38529, Note_on_c, 60
38530, Note_on_c, 48
38538, Note_on_c, 59
38540, Note_on_c, 47
38625, Note_on_c, 73
38626, Note_on_c, 61
38627, Note_on_c, 48
38628, Note_on_c, 49
38635, Note_on_c, 60
38672, Note_on_c, 61
38712, Note_on_c, 56
38717, Note_on_c, 82
38718, Note_on_c, 65
38719, Note_on_c, 61
38720, Note_on_c, 49
38726, Note_on_c, 73
38753, Note_on_c, 65
38754, Note_on_c, 61
38755, Note_on_c, 56
38762, Note_on_c, 77
38762, Note_on_c, 80
38764, Note_on_c, 73
38770, Note_on_c, 82
38811, Note_on_c, 56
38812, Note_on_c, 44
38846, Note_on_c, 56
38853, Note_on_c, 73
38853, Note_on_c, 82
38860, Note_on_c, 77
38860, Note_on_c, 80
38898, Note_on_c, 80
38899, Note_on_c, 77
38901, Note_on_c, 68
38902, Note_on_c, 65
38902, Note_on_c, 73
38903, Note_on_c, 61
38907, Note_on_c, 82
38913, Note_on_c, 44
38929, Note_on_c, 61
38936, Note_on_c, 68
38936, Note_on_c, 65
38991, Note_on_c, 75
38995, Note_on_c, 58
38996, Note_on_c, 46
38999, Note_on_c, 77
38999, Note_on_c, 80
39000, Note_on_c, 73
39034, Note_on_c, 75
39036, Note_on_c, 79
39038, Note_on_c, 58
39077, Note_on_c, 79
39078, Note_on_c, 82
39081, Note_on_c, 51
39081, Note_on_c, 55
39081, Note_on_c, 61
39082, Note_on_c, 46
39113, Note_on_c, 61
39114, Note_on_c, 55
39114, Note_on_c, 51
39120, Note_on_c, 87
39121, Note_on_c, 75
39127, Note_on_c, 82
39160, Note_on_c, 51
39162, Note_on_c, 39
39201, Note_on_c, 75
39203, Note_on_c, 79
39205, Note_on_c, 51
39209, Note_on_c, 87
39244, Note_on_c, 55
39248, Note_on_c, 85
39251, Note_on_c, 73
39252, Note_on_c, 61
39253, Note_on_c, 51
39254, Note_on_c, 39
39258, Note_on_c, 79
39278, Note_on_c, 61
39279, Note_on_c, 51
39288, Note_on_c, 55
39334, Note_on_c, 56
39335, Note_on_c, 44
39338, Note_on_c, 85
39339, Note_on_c, 84
39341, Note_on_c, 72
39349, Note_on_c, 73
39421, Note_on_c, 56
39422, Note_on_c, 46
39422, Note_on_c, 58
39427, Note_on_c, 84
39428, Note_on_c, 72
39428, Note_on_c, 82
39430, Note_on_c, 70
39432, Note_on_c, 44
39518, Note_on_c, 80
39521, Note_on_c, 68
39522, Note_on_c, 48
39522, Note_on_c, 60
39528, Note_on_c, 82
39529, Note_on_c, 70
39530, Note_on_c, 46
39530, Note_on_c, 58
39614, Note_on_c, 63
39615, Note_on_c, 51
39620, Note_on_c, 80
39621, Note_on_c, 68
39623, Note_on_c, 60
39624, Note_on_c, 48
39705, Note_on_c, 44
39705, Note_on_c, 56
39705, Note_on_c, 68
39706, Note_on_c, 51
39706, Note_on_c, 63
39793, Note_on_c, 68
39794, Note_on_c, 69
39795, Note_on_c, 56
39796, Note_on_c, 44
39796, Note_on_c, 45
39796, Note_on_c, 57
39834, Note_on_c, 46
39840, Note_on_c, 69
39842, Note_on_c, 57
39842, Note_on_c, 70
39842, Note_on_c, 58
39852, Note_on_c, 45
39926, Note_on_c, 59
39928, Note_on_c, 47
39934, Note_on_c, 71
39937, Note_on_c, 46
39944, Note_on_c, 70
39946, Note_on_c, 58
39982, Note_on_c, 71
39984, Note_on_c, 59
39984, Note_on_c, 72
39986, Note_on_c, 47
39986, Note_on_c, 60
39986, Note_on_c, 48
40075, Note_on_c, 85
40077, Note_on_c, 73
40079, Note_on_c, 61
40080, Note_on_c, 49
40085, Note_on_c, 72
40087, Note_on_c, 60
40088, Note_on_c, 48
40125, Note_on_c, 61
40168, Note_on_c, 94
40171, Note_on_c, 82
40173, Note_on_c, 65
40174, Note_on_c, 49
40174, Note_on_c, 61
40175, Note_on_c, 56
40178, Note_on_c, 85
40180, Note_on_c, 73
40209, Note_on_c, 65
40210, Note_on_c, 61
40211, Note_on_c, 56
40215, Note_on_c, 92
40219, Note_on_c, 77
40219, Note_on_c, 80
40220, Note_on_c, 73
40226, Note_on_c, 94
40227, Note_on_c, 82
40270, Note_on_c, 44
40270, Note_on_c, 56
40305, Note_on_c, 56
40311, Note_on_c, 94
40314, Note_on_c, 73
40314, Note_on_c, 82
40321, Note_on_c, 92
40322, Note_on_c, 80
40323, Note_on_c, 77
40358, Note_on_c, 92
40360, Note_on_c, 77
40360, Note_on_c, 80
40362, Note_on_c, 73
40363, Note_on_c, 65
40364, Note_on_c, 56
40364, Note_on_c, 61
40366, Note_on_c, 94
40369, Note_on_c, 82
40373, Note_on_c, 44
40397, Note_on_c, 65
40398, Note_on_c, 61
40399, Note_on_c, 56
40450, Note_on_c, 84
40452, Note_on_c, 72
40454, Note_on_c, 51
40456, Note_on_c, 39
40457, Note_on_c, 92
40459, Note_on_c, 80
40459, Note_on_c, 77
40460, Note_on_c, 73
40541, Note_on_c, 94
40544, Note_on_c, 82
40546, Note_on_c, 66
40548, Note_on_c, 56
40548, Note_on_c, 60
40553, Note_on_c, 84
40554, Note_on_c, 72
40557, Note_on_c, 51
40559, Note_on_c, 39
40583, Note_on_c, 66
40585, Note_on_c, 60
40585, Note_on_c, 56
40588, Note_on_c, 92
40592, Note_on_c, 78
40592, Note_on_c, 80
40593, Note_on_c, 72
40598, Note_on_c, 94
40602, Note_on_c, 82
40626, Note_on_c, 44
40645, Note_on_c, 56
40677, Note_on_c, 72
40683, Note_on_c, 92
40683, Note_on_c, 94
40685, Note_on_c, 78
40685, Note_on_c, 80
40686, Note_on_c, 82
40689, Note_on_c, 56
40730, Note_on_c, 92
40731, Note_on_c, 80
40732, Note_on_c, 78
40733, Note_on_c, 72
40734, Note_on_c, 68
40735, Note_on_c, 66
40736, Note_on_c, 44
40736, Note_on_c, 60
40738, Note_on_c, 94
40741, Note_on_c, 82
40762, Note_on_c, 66
40763, Note_on_c, 60
40771, Note_on_c, 68
40826, Note_on_c, 85
40828, Note_on_c, 73
40832, Note_on_c, 37
40832, Note_on_c, 49
40834, Note_on_c, 92
40837, Note_on_c, 80
40837, Note_on_c, 78
40838, Note_on_c, 72
40922, Note_on_c, 94
40925, Note_on_c, 73
40925, Note_on_c, 82
40928, Note_on_c, 61
40928, Note_on_c, 65
40929, Note_on_c, 49
40930, Note_on_c, 56
40933, Note_on_c, 85
40940, Note_on_c, 37
40965, Note_on_c, 65
40966, Note_on_c, 56
40966, Note_on_c, 61
40971, Note_on_c, 92
40972, Note_on_c, 80
40973, Note_on_c, 77
40975, Note_on_c, 73
40980, Note_on_c, 94
40983, Note_on_c, 82
41024, Note_on_c, 44
41024, Note_on_c, 56
41059, Note_on_c, 56
41063, Note_on_c, 94
41066, Note_on_c, 73
41066, Note_on_c, 82
41074, Note_on_c, 80
41074, Note_on_c, 77
41082, Note_on_c, 92
41108, Note_on_c, 92
41110, Note_on_c, 77
41110, Note_on_c, 80
41112, Note_on_c, 73
41113, Note_on_c, 65
41114, Note_on_c, 44
41114, Note_on_c, 56
41114, Note_on_c, 61
41116, Note_on_c, 94
41119, Note_on_c, 82
41146, Note_on_c, 65
41147, Note_on_c, 61
41148, Note_on_c, 56
41204, Note_on_c, 68
41205, Note_on_c, 56
41206, Note_on_c, 44
41208, Note_on_c, 92
41210, Note_on_c, 77
41210, Note_on_c, 80
41211, Note_on_c, 73
41290, Note_on_c, 45
41295, Note_on_c, 68
41297, Note_on_c, 69
41298, Note_on_c, 56
41299, Note_on_c, 57
41300, Note_on_c, 44
41343, Note_on_c, 70
41345, Note_on_c, 58
41346, Note_on_c, 46
41351, Note_on_c, 69
41354, Note_on_c, 57
41354, Note_on_c, 45
41434, Note_on_c, 71
41435, Note_on_c, 59
41436, Note_on_c, 47
41442, Note_on_c, 70
41444, Note_on_c, 58
41445, Note_on_c, 46
41478, Note_on_c, 72
41480, Note_on_c, 60
41481, Note_on_c, 48
41487, Note_on_c, 71
41489, Note_on_c, 59
41490, Note_on_c, 47
41570, Note_on_c, 85
41571, Note_on_c, 73
41572, Note_on_c, 61
41573, Note_on_c, 49
41580, Note_on_c, 72
41581, Note_on_c, 60
41583, Note_on_c, 48
41618, Note_on_c, 61
41662, Note_on_c, 94
41664, Note_on_c, 82
41666, Note_on_c, 49
41666, Note_on_c, 65
41666, Note_on_c, 61
41667, Note_on_c, 56
41672, Note_on_c, 85
41673, Note_on_c, 73
41701, Note_on_c, 65
41701, Note_on_c, 61
41702, Note_on_c, 56
41707, Note_on_c, 92
41710, Note_on_c, 77
41710, Note_on_c, 80
41711, Note_on_c, 73
41716, Note_on_c, 94
41718, Note_on_c, 82
41758, Note_on_c, 44
41758, Note_on_c, 56
41795, Note_on_c, 94
41797, Note_on_c, 80
41797, Note_on_c, 77
41798, Note_on_c, 73
41798, Note_on_c, 82
41799, Note_on_c, 56
41801, Note_on_c, 44
41805, Note_on_c, 92
41841, Note_on_c, 92
41842, Note_on_c, 77
41842, Note_on_c, 80
41844, Note_on_c, 68
41844, Note_on_c, 73
41845, Note_on_c, 61
41845, Note_on_c, 65
41850, Note_on_c, 94
41852, Note_on_c, 82
41878, Note_on_c, 68
41879, Note_on_c, 61
41879, Note_on_c, 65
41925, Note_on_c, 39
41930, Note_on_c, 92
41931, Note_on_c, 77
41932, Note_on_c, 73
41932, Note_on_c, 72
41932, Note_on_c, 84
41934, Note_on_c, 51
41941, Note_on_c, 80
42012, Note_on_c, 84
42012, Note_on_c, 72
42014, Note_on_c, 51
42015, Note_on_c, 39
42015, Note_on_c, 56
42015, Note_on_c, 60
42015, Note_on_c, 66
42021, Note_on_c, 94
42024, Note_on_c, 82
42050, Note_on_c, 56
42057, Note_on_c, 66
42058, Note_on_c, 60
42065, Note_on_c, 92
42066, Note_on_c, 80
42067, Note_on_c, 78
42068, Note_on_c, 72
42073, Note_on_c, 94
42074, Note_on_c, 82
42112, Note_on_c, 44
42112, Note_on_c, 56
42152, Note_on_c, 94
42154, Note_on_c, 56
42155, Note_on_c, 82
42163, Note_on_c, 80
42163, Note_on_c, 72
42164, Note_on_c, 78
42200, Note_on_c, 80
42201, Note_on_c, 66
42201, Note_on_c, 72
42201, Note_on_c, 78
42202, Note_on_c, 60
42207, Note_on_c, 94
42209, Note_on_c, 82
42210, Note_on_c, 44
42237, Note_on_c, 60
42237, Note_on_c, 66
42293, Note_on_c, 85
42294, Note_on_c, 49
42294, Note_on_c, 61
42294, Note_on_c, 65
42294, Note_on_c, 73
42302, Note_on_c, 80
42302, Note_on_c, 92
42303, Note_on_c, 72
42303, Note_on_c, 78
42394, Note_on_c, 85
42395, Note_on_c, 65
42395, Note_on_c, 73
42395, Note_on_c, 61
42395, Note_on_c, 49
42470, Note_on_c, 37
42470, Note_on_c, 49
42478, Note_on_c, 97
42479, Note_on_c, 77
42480, Note_on_c, 85
42481, Note_on_c, 73
42561, Note_on_c, 37
42570, Note_on_c, 49
42570, Note_on_c, 73
42577, Note_on_c, 97
42578, Note_on_c, 85
42578, Note_on_c, 77
42932, Note_on_c, 86
42932, Note_on_c, 86
42932, End_track,
0, Start_track,
